state_name,cases,cured,active,deaths,district_name,district_cases,district_cured,district_active,district_deaths
Maharashtra,1060308,740061,290344,29531,Pune,232840,150403,77624,4813
Maharashtra,1060308,740061,290344,29531,Mumbai,169741,130918,30316,8150
Maharashtra,1060308,740061,290344,29531,Thane,156916,123222,29531,4162
Maharashtra,1060308,740061,290344,29531,Nashik,54632,40714,12860,1058
Maharashtra,1060308,740061,290344,29531,Nagpur,50885,28003,21522,1356
Maharashtra,1060308,740061,290344,29531,Raigad,41355,29375,11056,922
Maharashtra,1060308,740061,290344,29531,Jalgaon,37121,26177,9921,1023
Maharashtra,1060308,740061,290344,29531,Kolhapur,32815,22415,9468,932
Maharashtra,1060308,740061,290344,29531,Palghar,30926,24603,5606,717
Maharashtra,1060308,740061,290344,29531,Aurangabad,29422,21674,6991,757
Maharashtra,1060308,740061,290344,29531,Ahmednagar,29017,21745,6837,435
Maharashtra,1060308,740061,290344,29531,Solapur,27189,19117,7116,955
Maharashtra,1060308,740061,290344,29531,Sangli,25064,13963,10361,740
Maharashtra,1060308,740061,290344,29531,Satara,24321,14833,8890,596
Maharashtra,1060308,740061,290344,29531,Latur,12477,7696,4431,350
Maharashtra,1060308,740061,290344,29531,Nanded,11385,5293,5787,305
Maharashtra,1060308,740061,290344,29531,Dhule,10850,8539,2029,280
Maharashtra,1060308,740061,290344,29531,Osmanabad,8699,6024,2440,235
Maharashtra,1060308,740061,290344,29531,Amravati,8428,5529,2712,187
Maharashtra,1060308,740061,290344,29531,Beed,6833,4518,2126,189
Maharashtra,1060308,740061,290344,29531,Ratnagiri,6237,3366,2689,182
Maharashtra,1060308,740061,290344,29531,Jalna,5958,3926,1862,170
Maharashtra,1060308,740061,290344,29531,Chandrapur,5586,2568,2957,61
Maharashtra,1060308,740061,290344,29531,Akola,5286,3522,1582,181
Maharashtra,1060308,740061,290344,29531,Buldhana,5264,3320,1847,97
Maharashtra,1060308,740061,290344,29531,Yavatmal,5145,3232,1802,111
Maharashtra,1060308,740061,290344,29531,Parbhani,4118,2601,1391,126
Maharashtra,1060308,740061,290344,29531,Nandurbar,3992,2673,1220,99
Maharashtra,1060308,740061,290344,29531,Gondia,3128,1688,1409,31
Maharashtra,1060308,740061,290344,29531,Bhandara,2938,1025,1868,45
Maharashtra,1060308,740061,290344,29531,Washim,2757,1968,736,52
Maharashtra,1060308,740061,290344,29531,Sindhudurg,2389,1210,1139,40
Maharashtra,1060308,740061,290344,29531,Wardha,2232,1361,845,25
Maharashtra,1060308,740061,290344,29531,Hingoli,2062,1494,521,47
Maharashtra,1060308,740061,290344,29531,Gadchiroli,1213,918,293,2
Maharashtra,1060308,740061,290344,29531,Other State,1087,428,559,100
Maharashtra,1060308,740061,290344,29531,Mumbai Suburban,0,0,0,0
Andhra Pradesh,567123,467139,95072,4912,East Godavari,76808,64256,12098,454
Andhra Pradesh,567123,467139,95072,4912,Kurnool,51625,47160,4048,417
Andhra Pradesh,567123,467139,95072,4912,West Godavari,50474,42327,7759,388
Andhra Pradesh,567123,467139,95072,4912,Chittoor,49398,40396,8477,525
Andhra Pradesh,567123,467139,95072,4912,Anantapur,49306,44611,4288,407
Andhra Pradesh,567123,467139,95072,4912,Guntur,45338,37125,7750,463
Andhra Pradesh,567123,467139,95072,4912,Visakhapatnam,43848,37544,5946,358
Andhra Pradesh,567123,467139,95072,4912,S.P.S.R. Nellore,43374,37906,5077,391
Andhra Pradesh,567123,467139,95072,4912,Prakasam,36442,21689,14379,374
Andhra Pradesh,567123,467139,95072,4912,Y.S.R. Kadapa,36165,29664,6195,306
Andhra Pradesh,567123,467139,95072,4912,Srikakulam,32230,25657,6287,286
Andhra Pradesh,567123,467139,95072,4912,Vizianagaram,27946,18056,9694,196
Andhra Pradesh,567123,467139,95072,4912,Krishna,21274,17853,3074,347
Andhra Pradesh,567123,467139,95072,4912,Other State,2461,2461,0,0
Andhra Pradesh,567123,467139,95072,4912,Foreign Evacuees,434,434,0,0
Tamil Nadu,502759,447366,47012,8381,Chennai,148584,135215,10396,2973
Tamil Nadu,502759,447366,47012,8381,Chengalpattu,30366,27898,1987,481
Tamil Nadu,502759,447366,47012,8381,Thiruvallur,28325,25762,2087,476
Tamil Nadu,502759,447366,47012,8381,Coimbatore,22156,18308,3495,353
Tamil Nadu,502759,447366,47012,8381,Kancheepuram,19425,17863,1273,289
Tamil Nadu,502759,447366,47012,8381,Cuddalore,16275,13135,2966,174
Tamil Nadu,502759,447366,47012,8381,Madurai,15310,14043,892,375
Tamil Nadu,502759,447366,47012,8381,Salem,14475,12265,1982,228
Tamil Nadu,502759,447366,47012,8381,Theni,13775,12832,786,157
Tamil Nadu,502759,447366,47012,8381,Virudhunagar,13683,13045,436,202
Tamil Nadu,502759,447366,47012,8381,Tiruvannamalai,13071,11338,1539,194
Tamil Nadu,502759,447366,47012,8381,Vellore,12629,11503,932,194
Tamil Nadu,502759,447366,47012,8381,Thoothukkudi,12300,11500,681,119
Tamil Nadu,502759,447366,47012,8381,Ranipet,12093,11258,690,145
Tamil Nadu,502759,447366,47012,8381,Tirunelveli,11131,9866,1072,193
Tamil Nadu,502759,447366,47012,8381,Kanyakumari,10958,10015,736,207
Tamil Nadu,502759,447366,47012,8381,Viluppuram,9441,8474,880,87
Tamil Nadu,502759,447366,47012,8381,Tiruchirappalli,8846,7822,891,133
Tamil Nadu,502759,447366,47012,8381,Thanjavur,8340,7335,877,128
Tamil Nadu,502759,447366,47012,8381,Kallakurichi,7888,6891,910,87
Tamil Nadu,502759,447366,47012,8381,Dindigul,7863,6951,762,150
Tamil Nadu,502759,447366,47012,8381,Pudukkottai,7427,6520,786,121
Tamil Nadu,502759,447366,47012,8381,Tenkasi,6260,5591,553,116
Tamil Nadu,502759,447366,47012,8381,Thiruvarur,5267,4502,700,65
Tamil Nadu,502759,447366,47012,8381,Ramanathapuram,5181,4824,244,113
Tamil Nadu,502759,447366,47012,8381,Tiruppur,4748,2946,1717,85
Tamil Nadu,502759,447366,47012,8381,Erode,4534,3432,1043,59
Tamil Nadu,502759,447366,47012,8381,Sivaganga,4521,4171,236,114
Tamil Nadu,502759,447366,47012,8381,Nagapattinam,4075,2872,1136,67
Tamil Nadu,502759,447366,47012,8381,Tirupathur,3701,3136,492,73
Tamil Nadu,502759,447366,47012,8381,Namakkal,3344,2382,912,50
Tamil Nadu,502759,447366,47012,8381,Ariyalur,3271,3007,227,37
Tamil Nadu,502759,447366,47012,8381,Krishnagiri,3174,2272,858,44
Tamil Nadu,502759,447366,47012,8381,Nilgiris,2349,1783,549,17
Tamil Nadu,502759,447366,47012,8381,Karur,2161,1732,397,32
Tamil Nadu,502759,447366,47012,8381,Dharmapuri,2029,1312,697,20
Tamil Nadu,502759,447366,47012,8381,Airport Quarantine,1810,1725,84,1
Tamil Nadu,502759,447366,47012,8381,Perambalur,1545,1414,112,19
Tamil Nadu,502759,447366,47012,8381,Railway Quarantine,428,426,2,0
Tamil Nadu,502759,447366,47012,8381,Other State,0,0,-3,3
Karnataka,459445,352958,99203,7265,Bengaluru Urban,170662,127132,41093,2436
Karnataka,459445,352958,99203,7265,Ballari,26813,21728,4739,346
Karnataka,459445,352958,99203,7265,Mysuru,25751,18158,7002,591
Karnataka,459445,352958,99203,7265,Dakshina Kannada,17363,12989,3932,440
Karnataka,459445,352958,99203,7265,Belagavi,16369,13071,3061,237
Karnataka,459445,352958,99203,7265,Dharwad,14508,11704,2382,422
Karnataka,459445,352958,99203,7265,Kalaburagi,14431,11822,2367,242
Karnataka,459445,352958,99203,7265,Udupi,14046,12043,1874,129
Karnataka,459445,352958,99203,7265,Davanagere,12897,10293,2378,226
Karnataka,459445,352958,99203,7265,Shivamogga,12216,8839,3175,202
Karnataka,459445,352958,99203,7265,Hassan,11956,8710,3011,235
Karnataka,459445,352958,99203,7265,Raichur,9417,7681,1615,121
Karnataka,459445,352958,99203,7265,Tumakuru,9186,6470,2528,188
Karnataka,459445,352958,99203,7265,Koppal,9061,7055,1817,189
Karnataka,459445,352958,99203,7265,Mandya,8261,5991,2184,86
Karnataka,459445,352958,99203,7265,Bagalkote,8223,6802,1336,85
Karnataka,459445,352958,99203,7265,Vijayapura,7750,7039,577,134
Karnataka,459445,352958,99203,7265,Gadag,7557,6269,1181,107
Karnataka,459445,352958,99203,7265,Yadgir,7023,5739,1238,46
Karnataka,459445,352958,99203,7265,Uttara Kannada,6953,4888,1984,81
Karnataka,459445,352958,99203,7265,Haveri,6593,4831,1635,127
Karnataka,459445,352958,99203,7265,Bengaluru Rural,6575,4983,1536,56
Karnataka,459445,352958,99203,7265,Chikkamagaluru,6071,4454,1519,98
Karnataka,459445,352958,99203,7265,Chikkaballapura,5686,4628,986,71
Karnataka,459445,352958,99203,7265,Bidar,5444,4651,646,143
Karnataka,459445,352958,99203,7265,Chitradurga,4934,3615,1286,33
Karnataka,459445,352958,99203,7265,Kolar,4482,3632,775,75
Karnataka,459445,352958,99203,7265,Ramanagara,4218,3593,587,38
Karnataka,459445,352958,99203,7265,Chamarajanagara,3022,2519,440,52
Karnataka,459445,352958,99203,7265,Kodagu,1941,1596,319,26
Karnataka,459445,352958,99203,7265,Other State,36,33,0,3
Uttar Pradesh,312036,239485,68122,4429,Lucknow,39188,29117,9555,516
Uttar Pradesh,312036,239485,68122,4429,Kanpur Nagar,20020,14868,4625,527
Uttar Pradesh,312036,239485,68122,4429,Prayagraj,14192,10250,3726,216
Uttar Pradesh,312036,239485,68122,4429,Gorakhpur,12737,9652,2898,187
Uttar Pradesh,312036,239485,68122,4429,Ghaziabad,10787,8746,1968,73
Uttar Pradesh,312036,239485,68122,4429,Varanasi,10761,8463,2092,206
Uttar Pradesh,312036,239485,68122,4429,Gautam Buddha Nagar,10192,8136,2008,48
Uttar Pradesh,312036,239485,68122,4429,Bareilly,8462,6383,1952,127
Uttar Pradesh,312036,239485,68122,4429,Moradabad,6662,5310,1232,120
Uttar Pradesh,312036,239485,68122,4429,Meerut,6498,4346,1981,171
Uttar Pradesh,312036,239485,68122,4429,Aligarh,6367,4620,1716,31
Uttar Pradesh,312036,239485,68122,4429,Saharanpur,5751,3950,1726,75
Uttar Pradesh,312036,239485,68122,4429,Jhansi,5674,4507,1051,116
Uttar Pradesh,312036,239485,68122,4429,Deoria,5035,4067,915,53
Uttar Pradesh,312036,239485,68122,4429,Barabanki,5017,3865,1110,42
Uttar Pradesh,312036,239485,68122,4429,Ballia,4892,4024,810,58
Uttar Pradesh,312036,239485,68122,4429,Ayodhya,4636,3531,1050,55
Uttar Pradesh,312036,239485,68122,4429,Shahjahanpur,4491,3409,1024,58
Uttar Pradesh,312036,239485,68122,4429,Jaunpur,4349,3760,532,57
Uttar Pradesh,312036,239485,68122,4429,Rampur,4235,3489,712,34
Uttar Pradesh,312036,239485,68122,4429,Kushinagar,4096,3360,710,26
Uttar Pradesh,312036,239485,68122,4429,Agra,4045,3104,828,113
Uttar Pradesh,312036,239485,68122,4429,Maharajganj,3872,3098,724,50
Uttar Pradesh,312036,239485,68122,4429,Azamgarh,3806,3222,523,61
Uttar Pradesh,312036,239485,68122,4429,Hardoi,3495,2673,775,47
Uttar Pradesh,312036,239485,68122,4429,Ghazipur,3334,2923,378,33
Uttar Pradesh,312036,239485,68122,4429,Muzaffarnagar,3295,2134,1118,43
Uttar Pradesh,312036,239485,68122,4429,Lakhimpur Kheri,3241,2461,742,38
Uttar Pradesh,312036,239485,68122,4429,Gonda,3152,2645,475,32
Uttar Pradesh,312036,239485,68122,4429,Mathura,3096,2261,777,58
Uttar Pradesh,312036,239485,68122,4429,Etawah,3064,2174,846,44
Uttar Pradesh,312036,239485,68122,4429,Basti,2956,2443,453,60
Uttar Pradesh,312036,239485,68122,4429,Bulandshahr,2923,2317,556,50
Uttar Pradesh,312036,239485,68122,4429,Pilibhit,2906,2450,409,47
Uttar Pradesh,312036,239485,68122,4429,Sitapur,2904,2234,646,24
Uttar Pradesh,312036,239485,68122,4429,Unnao,2791,2066,670,55
Uttar Pradesh,312036,239485,68122,4429,Pratapgarh,2781,1912,834,35
Uttar Pradesh,312036,239485,68122,4429,Siddharthnagar,2663,2268,368,27
Uttar Pradesh,312036,239485,68122,4429,Sultanpur,2643,2074,528,41
Uttar Pradesh,312036,239485,68122,4429,Chandauli,2593,2019,551,23
Uttar Pradesh,312036,239485,68122,4429,Bahraich,2577,2120,415,42
Uttar Pradesh,312036,239485,68122,4429,Bijnor,2382,1873,483,26
Uttar Pradesh,312036,239485,68122,4429,Sant Kabir Nagar,2260,2000,232,28
Uttar Pradesh,312036,239485,68122,4429,Sonbhadra,2247,1570,658,19
Uttar Pradesh,312036,239485,68122,4429,Mainpuri,2178,1569,572,37
Uttar Pradesh,312036,239485,68122,4429,Amroha,2158,1685,450,23
Uttar Pradesh,312036,239485,68122,4429,Budaun,2147,1634,492,21
Uttar Pradesh,312036,239485,68122,4429,Rae Bareli,2142,1469,616,57
Uttar Pradesh,312036,239485,68122,4429,Hapur,2139,1758,347,34
Uttar Pradesh,312036,239485,68122,4429,Firozabad,2117,1620,447,50
Uttar Pradesh,312036,239485,68122,4429,Mirzapur,2013,1663,324,26
Uttar Pradesh,312036,239485,68122,4429,Kannauj,2011,1731,263,17
Uttar Pradesh,312036,239485,68122,4429,Mau,2008,1593,395,20
Uttar Pradesh,312036,239485,68122,4429,Lalitpur,1965,1348,590,27
Uttar Pradesh,312036,239485,68122,4429,Amethi,1946,1355,577,14
Uttar Pradesh,312036,239485,68122,4429,Sambhal,1878,1584,261,33
Uttar Pradesh,312036,239485,68122,4429,Farrukhabad,1762,1293,439,30
Uttar Pradesh,312036,239485,68122,4429,Fatehpur,1756,1311,418,27
Uttar Pradesh,312036,239485,68122,4429,Jalaun,1743,1405,322,16
Uttar Pradesh,312036,239485,68122,4429,Auraiya,1736,1337,380,19
Uttar Pradesh,312036,239485,68122,4429,Shamli,1702,1184,506,12
Uttar Pradesh,312036,239485,68122,4429,Kanpur Dehat,1494,1068,410,16
Uttar Pradesh,312036,239485,68122,4429,Banda,1411,956,441,14
Uttar Pradesh,312036,239485,68122,4429,Bhadohi,1357,1081,265,11
Uttar Pradesh,312036,239485,68122,4429,Etah,1354,935,408,11
Uttar Pradesh,312036,239485,68122,4429,Kaushambi,1229,1014,201,14
Uttar Pradesh,312036,239485,68122,4429,Balrampur,1222,1003,199,20
Uttar Pradesh,312036,239485,68122,4429,Ambedkar Nagar,1162,864,274,24
Uttar Pradesh,312036,239485,68122,4429,Kasganj,1158,888,268,2
Uttar Pradesh,312036,239485,68122,4429,Baghpat,1093,905,170,18
Uttar Pradesh,312036,239485,68122,4429,Chitrakoot,954,749,200,5
Uttar Pradesh,312036,239485,68122,4429,Hamirpur,848,665,168,15
Uttar Pradesh,312036,239485,68122,4429,Shrawasti,825,737,77,11
Uttar Pradesh,312036,239485,68122,4429,Hathras,798,670,121,7
Uttar Pradesh,312036,239485,68122,4429,Mahoba,662,517,139,6
Delhi,218304,184698,28862,4744,Unknown,217516,184698,28075,4743
Delhi,218304,184698,28862,4744,Central Delhi,184,0,184,0
Delhi,218304,184698,28862,4744,South East Delhi,130,0,130,0
Delhi,218304,184698,28862,4744,West Delhi,122,0,122,0
Delhi,218304,184698,28862,4744,South Delhi,70,0,70,0
Delhi,218304,184698,28862,4744,North Delhi,60,0,60,0
Delhi,218304,184698,28862,4744,Shahdara,48,0,48,0
Delhi,218304,184698,28862,4744,South West Delhi,42,0,42,0
Delhi,218304,184698,28862,4744,East Delhi,38,0,38,0
Delhi,218304,184698,28862,4744,New Delhi,37,0,37,0
Delhi,218304,184698,28862,4744,North West Delhi,32,0,31,1
Delhi,218304,184698,28862,4744,North East Delhi,25,0,25,0
West Bengal,202708,175139,23624,3945,Kolkata,46588,40955,4160,1473
West Bengal,202708,175139,23624,3945,North 24 Parganas,41594,36309,4396,889
West Bengal,202708,175139,23624,3945,Howrah,15217,13823,938,456
West Bengal,202708,175139,23624,3945,South 24 Parganas,13712,12073,1389,250
West Bengal,202708,175139,23624,3945,Hooghly,9977,8404,1401,172
West Bengal,202708,175139,23624,3945,Purba Medinipur,8521,6988,1446,87
West Bengal,202708,175139,23624,3945,Paschim Medinipur,6965,5489,1396,80
West Bengal,202708,175139,23624,3945,Darjeeling,6230,5446,692,92
West Bengal,202708,175139,23624,3945,Malda,5585,5127,409,49
West Bengal,202708,175139,23624,3945,Nadia,5440,4442,934,64
West Bengal,202708,175139,23624,3945,Paschim Bardhaman,5369,4278,1046,45
West Bengal,202708,175139,23624,3945,Jalpaiguri,4726,4106,580,40
West Bengal,202708,175139,23624,3945,Dakshin Dinajpur,4472,4031,412,29
West Bengal,202708,175139,23624,3945,Murshidabad,4404,3710,642,52
West Bengal,202708,175139,23624,3945,Cooch Behar,4279,3663,596,20
West Bengal,202708,175139,23624,3945,Bankura,3864,3196,639,29
West Bengal,202708,175139,23624,3945,Purba Bardhaman,3711,3060,624,27
West Bengal,202708,175139,23624,3945,Alipurduar,3283,2742,513,28
West Bengal,202708,175139,23624,3945,Uttar Dinajpur,2812,2440,345,27
West Bengal,202708,175139,23624,3945,Birbhum,2746,2327,398,21
West Bengal,202708,175139,23624,3945,Purulia,2141,1640,494,7
West Bengal,202708,175139,23624,3945,Kalimpong,637,523,111,3
West Bengal,202708,175139,23624,3945,Jhargram,369,304,63,2
West Bengal,202708,175139,23624,3945,Other State,66,63,0,3
Bihar,158389,143053,14513,822,Patna,23993,22001,1804,188
Bihar,158389,143053,14513,822,Muzaffarpur,7043,6313,701,29
Bihar,158389,143053,14513,822,Bhagalpur,6577,5900,624,53
Bihar,158389,143053,14513,822,Begusarai,5847,5567,257,23
Bihar,158389,143053,14513,822,East Champaran,5792,5239,520,33
Bihar,158389,143053,14513,822,Madhubani,5372,4895,461,16
Bihar,158389,143053,14513,822,Katihar,5166,4740,415,11
Bihar,158389,143053,14513,822,Gaya,5132,4723,365,44
Bihar,158389,143053,14513,822,Nalanda,5088,4667,384,37
Bihar,158389,143053,14513,822,Purnia,5054,4378,670,6
Bihar,158389,143053,14513,822,Saran,4937,4439,472,26
Bihar,158389,143053,14513,822,Rohtas,4842,4503,306,33
Bihar,158389,143053,14513,822,Araria,4257,3453,790,14
Bihar,158389,143053,14513,822,West Champaran,4199,3729,454,16
Bihar,158389,143053,14513,822,Saharsa,4054,3493,554,7
Bihar,158389,143053,14513,822,Bhojpur,3855,3656,170,29
Bihar,158389,143053,14513,822,Samastipur,3816,3481,309,26
Bihar,158389,143053,14513,822,Vaishali,3799,3528,243,27
Bihar,158389,143053,14513,822,Gopalganj,3468,2947,519,2
Bihar,158389,143053,14513,822,Siwan,3306,3030,257,19
Bihar,158389,143053,14513,822,Aurangabad,3266,2910,348,8
Bihar,158389,143053,14513,822,Buxar,3199,2996,193,10
Bihar,158389,143053,14513,822,Supaul,3104,2689,407,8
Bihar,158389,143053,14513,822,Sitamarhi,3095,2825,260,10
Bihar,158389,143053,14513,822,Darbhanga,2780,2392,368,20
Bihar,158389,143053,14513,822,Jehanabad,2665,2435,222,8
Bihar,158389,143053,14513,822,Madhepura,2611,2257,345,9
Bihar,158389,143053,14513,822,Munger,2602,2401,165,36
Bihar,158389,143053,14513,822,Kishanganj,2588,2292,289,7
Bihar,158389,143053,14513,822,Khagaria,2508,2339,160,9
Bihar,158389,143053,14513,822,Nawada,2443,2187,240,16
Bihar,158389,143053,14513,822,Lakhisarai,2209,1866,337,6
Bihar,158389,143053,14513,822,Banka,1982,1748,226,8
Bihar,158389,143053,14513,822,Sheikhpura,1978,1811,162,5
Bihar,158389,143053,14513,822,Jamui,1850,1669,175,6
Bihar,158389,143053,14513,822,Arwal,1525,1389,129,7
Bihar,158389,143053,14513,822,Kaimur,1458,1329,120,9
Bihar,158389,143053,14513,822,Sheohar,929,836,92,1
Telangana,157096,124528,31607,961,Hyderabad,55795,305,55467,23
Telangana,157096,124528,31607,961,Ranga Reddy,12973,17,12954,2
Telangana,157096,124528,31607,961,Medchal Malkajgiri,9016,9,9006,1
Telangana,157096,124528,31607,961,Karimnagar,6485,16,6469,0
Telangana,157096,124528,31607,961,Warangal Urban,6187,23,6164,0
Telangana,157096,124528,31607,961,Nalgonda,5219,12,5207,0
Telangana,157096,124528,31607,961,Nizamabad,4597,30,4567,0
Telangana,157096,124528,31607,961,Khammam,4519,3,4516,0
Telangana,157096,124528,31607,961,Sangareddy,4161,6,4155,0
Telangana,157096,124528,31607,961,Suryapet,3306,24,3282,0
Telangana,157096,124528,31607,961,Siddipet,3306,1,3305,0
Telangana,157096,124528,31607,961,Peddapalli,3027,1,3026,0
Telangana,157096,124528,31607,961,Kamareddy,2943,8,2935,0
Telangana,157096,124528,31607,961,Jagtial,2909,2,2907,0
Telangana,157096,124528,31607,961,Bhadradri Kothagudem,2778,4,2774,0
Telangana,157096,124528,31607,961,Mancherial,2655,0,2654,1
Telangana,157096,124528,31607,961,Mahabubnagar,2588,8,2580,0
Telangana,157096,124528,31607,961,Mahabubabad,2472,1,2471,0
Telangana,157096,124528,31607,961,Rajanna Sircilla,2280,2,2278,0
Telangana,157096,124528,31607,961,Jogulamba Gadwal,2138,25,2112,1
Telangana,157096,124528,31607,961,Nagarkurnool,1935,2,1933,0
Telangana,157096,124528,31607,961,Jangaon,1773,1,1772,0
Telangana,157096,124528,31607,961,Medak,1768,4,1764,0
Telangana,157096,124528,31607,961,Warangal Rural,1723,0,1723,0
Telangana,157096,124528,31607,961,Wanaparthy,1701,0,1701,0
Telangana,157096,124528,31607,961,Yadadri Bhuvanagiri,1622,0,1622,0
Telangana,157096,124528,31607,961,Adilabad,1291,15,1276,0
Telangana,157096,124528,31607,961,Nirmal,1094,13,1081,0
Telangana,157096,124528,31607,961,Mulugu,995,2,993,0
Telangana,157096,124528,31607,961,Jayashankar Bhupalapally,973,0,973,0
Telangana,157096,124528,31607,961,Vikarabad,938,15,922,1
Telangana,157096,124528,31607,961,Komaram Bheem,615,2,613,0
Telangana,157096,124528,31607,961,Narayanpet,574,0,573,1
Telangana,157096,124528,31607,961,Unknown,457,123977,-124451,931
Telangana,157096,124528,31607,961,Other State,250,0,250,0
Telangana,157096,124528,31607,961,Foreign Evacuees,33,0,33,0
Odisha,150807,118642,31486,679,Khordha,25996,19666,6228,102
Odisha,150807,118642,31486,679,Ganjam,19211,18597,391,223
Odisha,150807,118642,31486,679,Cuttack,13015,9710,3254,51
Odisha,150807,118642,31486,679,Puri,6287,4476,1783,28
Odisha,150807,118642,31486,679,Rayagada,6086,5514,539,33
Odisha,150807,118642,31486,679,Jajpur,5734,4274,1452,8
Odisha,150807,118642,31486,679,Mayurbhanj,5618,4542,1063,13
Odisha,150807,118642,31486,679,Sundargarh,5533,4741,750,42
Odisha,150807,118642,31486,679,Balasore,5174,4065,1089,20
Odisha,150807,118642,31486,679,Koraput,4759,4033,719,7
Odisha,150807,118642,31486,679,Bargarh,4323,2729,1585,9
Odisha,150807,118642,31486,679,Sambalpur,3987,3156,815,16
Odisha,150807,118642,31486,679,Bhadrak,3887,3111,762,14
Odisha,150807,118642,31486,679,Nayagarh,3797,3233,546,18
Odisha,150807,118642,31486,679,Gajapati,3152,2949,184,19
Odisha,150807,118642,31486,679,Kendrapara,3091,2086,1001,4
Odisha,150807,118642,31486,679,Jagatsinghpur,2996,2069,921,6
Odisha,150807,118642,31486,679,Balangir,2869,1969,890,10
Odisha,150807,118642,31486,679,Kendujhar,2865,2388,467,10
Odisha,150807,118642,31486,679,Kandhamal,2844,2422,407,15
Odisha,150807,118642,31486,679,Malkangiri,2788,2533,244,11
Odisha,150807,118642,31486,679,Dhenkanal,2539,2040,497,2
Odisha,150807,118642,31486,679,Jharsuguda,2508,1808,699,1
Odisha,150807,118642,31486,679,Nabarangapur,2128,1362,762,4
Odisha,150807,118642,31486,679,Kalahandi,1977,1479,493,5
Odisha,150807,118642,31486,679,Angul,1902,1058,840,4
Odisha,150807,118642,31486,679,Subarnapur,1743,899,840,4
Odisha,150807,118642,31486,679,Nuapada,1495,731,764,0
Odisha,150807,118642,31486,679,Boudh,1093,751,342,0
Odisha,150807,118642,31486,679,State Pool,1037,0,1037,0
Odisha,150807,118642,31486,679,Deogarh,373,251,122,0
Odisha,150807,118642,31486,679,Others,0,0,0,0
Assam,141763,113134,28157,469,Unknown,46992,67982,-21102,109
Assam,141763,113134,28157,469,Kamrup Metropolitan,37117,14599,22442,76
Assam,141763,113134,28157,469,Dibrugarh,8085,2409,5623,53
Assam,141763,113134,28157,469,Cachar,6111,1498,4585,28
Assam,141763,113134,28157,469,Jorhat,5888,1752,4119,17
Assam,141763,113134,28157,469,Kamrup,4590,2074,2496,20
Assam,141763,113134,28157,469,Nagaon,4515,2506,1999,10
Assam,141763,113134,28157,469,Tinsukia,3366,1798,1545,23
Assam,141763,113134,28157,469,Golaghat,2620,1656,954,10
Assam,141763,113134,28157,469,Sonitpur,2351,1727,620,4
Assam,141763,113134,28157,469,Lakhimpur,2147,1135,1010,2
Assam,141763,113134,28157,469,Darrang,1967,1730,225,12
Assam,141763,113134,28157,469,Dhubri,1723,1215,504,4
Assam,141763,113134,28157,469,Hojai,1646,1160,478,8
Assam,141763,113134,28157,469,Hailakandi,1632,1116,509,7
Assam,141763,113134,28157,469,Bongaigaon,1303,834,466,3
Assam,141763,113134,28157,469,Karimganj,1200,955,222,23
Assam,141763,113134,28157,469,Barpeta,1121,1024,93,4
Assam,141763,113134,28157,469,Nalbari,948,828,111,9
Assam,141763,113134,28157,469,Dhemaji,765,440,323,2
Assam,141763,113134,28157,469,Udalguri,758,666,88,4
Assam,141763,113134,28157,469,Baksa,687,447,235,5
Assam,141763,113134,28157,469,Goalpara,658,568,38,1
Assam,141763,113134,28157,469,Morigaon,638,557,79,2
Assam,141763,113134,28157,469,Karbi Anglong,632,552,72,8
Assam,141763,113134,28157,469,Sivasagar,529,473,46,10
Assam,141763,113134,28157,469,Biswanath,467,379,88,0
Assam,141763,113134,28157,469,Kokrajhar,408,353,47,8
Assam,141763,113134,28157,469,Chirang,280,219,59,2
Assam,141763,113134,28157,469,Dima Hasao,237,199,38,0
Assam,141763,113134,28157,469,Majuli,165,80,84,1
Assam,141763,113134,28157,469,Charaideo,113,105,5,3
Assam,141763,113134,28157,469,South Salmara Mankachar,51,47,4,0
Assam,141763,113134,28157,469,West Karbi Anglong,39,37,1,1
Assam,141763,113134,28157,469,Airport Quarantine,13,13,0,0
Assam,141763,113134,28157,469,Other State,1,1,0,0
Gujarat,113662,94110,16341,3211,Ahmedabad,33725,27722,4245,1758
Gujarat,113662,94110,16341,3211,Surat,24266,20994,2580,692
Gujarat,113662,94110,16341,3211,Vadodara,9818,8199,1471,148
Gujarat,113662,94110,16341,3211,Rajkot,6697,4476,2108,113
Gujarat,113662,94110,16341,3211,Jamnagar,4168,3808,331,29
Gujarat,113662,94110,16341,3211,Bhavnagar,3472,3007,415,50
Gujarat,113662,94110,16341,3211,Gandhinagar,2928,2393,472,63
Gujarat,113662,94110,16341,3211,Junagadh,2191,1870,292,29
Gujarat,113662,94110,16341,3211,Mehsana,1938,1301,608,29
Gujarat,113662,94110,16341,3211,Bharuch,1858,1622,221,15
Gujarat,113662,94110,16341,3211,Panchmahal,1854,1465,372,17
Gujarat,113662,94110,16341,3211,Amreli,1636,1245,368,23
Gujarat,113662,94110,16341,3211,Kutch,1603,1165,407,31
Gujarat,113662,94110,16341,3211,Surendranagar,1429,1092,326,11
Gujarat,113662,94110,16341,3211,Dahod,1426,1100,320,6
Gujarat,113662,94110,16341,3211,Banaskantha,1393,1384,-11,20
Gujarat,113662,94110,16341,3211,Patan,1312,1143,130,39
Gujarat,113662,94110,16341,3211,Morbi,1250,954,281,15
Gujarat,113662,94110,16341,3211,Gir Somnath,1164,977,171,16
Gujarat,113662,94110,16341,3211,Kheda,1098,1010,72,16
Gujarat,113662,94110,16341,3211,Valsad,1082,990,82,10
Gujarat,113662,94110,16341,3211,Navsari,1038,911,121,6
Gujarat,113662,94110,16341,3211,Anand,932,819,97,16
Gujarat,113662,94110,16341,3211,Sabarkantha,865,655,200,10
Gujarat,113662,94110,16341,3211,Narmada,773,669,104,0
Gujarat,113662,94110,16341,3211,Mahisagar,737,626,108,3
Gujarat,113662,94110,16341,3211,Botad,609,471,133,5
Gujarat,113662,94110,16341,3211,Aravalli,492,359,109,24
Gujarat,113662,94110,16341,3211,Tapi,462,440,18,4
Gujarat,113662,94110,16341,3211,Devbhumi Dwarka,419,379,36,4
Gujarat,113662,94110,16341,3211,Chhota Udaipur,410,322,86,2
Gujarat,113662,94110,16341,3211,Porbandar,375,356,15,4
Gujarat,113662,94110,16341,3211,Other State,162,127,32,3
Gujarat,113662,94110,16341,3211,Dang,78,52,26,0
Gujarat,113662,94110,16341,3211,Unknown,2,7,-5,0
Kerala,108279,77699,30074,440,Thiruvananthapuram,21290,15992,5126,148
Kerala,108279,77699,30074,440,Malappuram,12735,9736,2958,35
Kerala,108279,77699,30074,440,Ernakulam,9123,6108,2959,48
Kerala,108279,77699,30074,440,Kozhikode,8628,6138,2443,42
Kerala,108279,77699,30074,440,Alappuzha,7923,5764,2135,18
Kerala,108279,77699,30074,440,Kasaragod,7193,5052,2101,37
Kerala,108279,77699,30074,440,Kollam,6920,4558,2331,28
Kerala,108279,77699,30074,440,Thrissur,6773,4616,2127,26
Kerala,108279,77699,30074,440,Palakkad,6308,4834,1464,8
Kerala,108279,77699,30074,440,Kottayam,6194,4011,2180,3
Kerala,108279,77699,30074,440,Kannur,6066,3952,2076,36
Kerala,108279,77699,30074,440,Pathanamthitta,4786,3604,1177,3
Kerala,108279,77699,30074,440,Idukki,2273,1767,502,3
Kerala,108279,77699,30074,440,Wayanad,2067,1567,495,5
Kerala,108279,77699,30074,440,Other State,0,0,0,0
Rajasthan,102408,84518,16654,1236,Jodhpur,15055,12830,2104,121
Rajasthan,102408,84518,16654,1236,Jaipur,14987,9299,5389,299
Rajasthan,102408,84518,16654,1236,Alwar,9015,8205,779,31
Rajasthan,102408,84518,16654,1236,Kota,7520,4879,2554,87
Rajasthan,102408,84518,16654,1236,Ajmer,5266,4699,482,85
Rajasthan,102408,84518,16654,1236,Bikaner,5247,4799,356,92
Rajasthan,102408,84518,16654,1236,Pali,4588,4345,195,48
Rajasthan,102408,84518,16654,1236,Bharatpur,3928,3740,115,73
Rajasthan,102408,84518,16654,1236,Sikar,3166,2910,232,24
Rajasthan,102408,84518,16654,1236,Nagaur,2844,2599,201,44
Rajasthan,102408,84518,16654,1236,Udaipur,2832,2530,267,35
Rajasthan,102408,84518,16654,1236,Bhilwara,2547,2200,331,16
Rajasthan,102408,84518,16654,1236,Dholpur,2536,2344,169,23
Rajasthan,102408,84518,16654,1236,Barmer,2495,2350,119,26
Rajasthan,102408,84518,16654,1236,Jhalawar,2093,1799,286,8
Rajasthan,102408,84518,16654,1236,Sirohi,1537,1423,96,18
Rajasthan,102408,84518,16654,1236,Jalore,1493,1349,131,13
Rajasthan,102408,84518,16654,1236,Rajsamand,1468,1250,200,18
Rajasthan,102408,84518,16654,1236,Dungarpur,1303,1099,191,13
Rajasthan,102408,84518,16654,1236,Chittorgarh,1267,1055,202,10
Rajasthan,102408,84518,16654,1236,Jhunjhunu,1259,1106,146,7
Rajasthan,102408,84518,16654,1236,Churu,1251,1045,197,9
Rajasthan,102408,84518,16654,1236,Baran,1008,720,275,13
Rajasthan,102408,84518,16654,1236,Bundi,954,560,389,5
Rajasthan,102408,84518,16654,1236,Ganganagar,929,702,218,9
Rajasthan,102408,84518,16654,1236,Banswara,870,680,183,7
Rajasthan,102408,84518,16654,1236,Tonk,821,699,109,13
Rajasthan,102408,84518,16654,1236,Dausa,702,580,113,9
Rajasthan,102408,84518,16654,1236,Karauli,696,578,111,7
Rajasthan,102408,84518,16654,1236,Sawai Madhopur,679,533,128,18
Rajasthan,102408,84518,16654,1236,Pratapgarh,619,430,181,8
Rajasthan,102408,84518,16654,1236,Hanumangarh,566,499,65,2
Rajasthan,102408,84518,16654,1236,Jaisalmer,530,410,114,6
Rajasthan,102408,84518,16654,1236,Other State,189,124,26,39
Rajasthan,102408,84518,16654,1236,BSF Camp,85,85,0,0
Rajasthan,102408,84518,16654,1236,Evacuees,61,61,0,0
Rajasthan,102408,84518,16654,1236,Italians,2,2,0,0
Haryana,93641,72587,20079,975,Faridabad,15860,13935,1734,191
Haryana,93641,72587,20079,975,Gurugram,15263,12885,2231,147
Haryana,93641,72587,20079,975,Sonipat,5997,5043,913,41
Haryana,93641,72587,20079,975,Ambala,5823,4534,1229,60
Haryana,93641,72587,20079,975,Panipat,5741,3880,1802,59
Haryana,93641,72587,20079,975,Karnal,5460,3445,1946,69
Haryana,93641,72587,20079,975,Rewari,4510,3909,575,26
Haryana,93641,72587,20079,975,Rohtak,4120,3127,947,46
Haryana,93641,72587,20079,975,Panchkula,4110,2738,1331,41
Haryana,93641,72587,20079,975,Hisar,3736,2731,975,30
Haryana,93641,72587,20079,975,Kurukshetra,3600,2034,1504,62
Haryana,93641,72587,20079,975,Yamunanagar,2820,2153,625,42
Haryana,93641,72587,20079,975,Mahendragarh,2515,1961,551,3
Haryana,93641,72587,20079,975,Sirsa,2358,1487,838,33
Haryana,93641,72587,20079,975,Bhiwani,2003,1627,355,21
Haryana,93641,72587,20079,975,Palwal,1933,1748,171,14
Haryana,93641,72587,20079,975,Jhajjar,1873,1398,456,19
Haryana,93641,72587,20079,975,Kaithal,1766,1243,502,21
Haryana,93641,72587,20079,975,Fatehabad,1510,945,544,21
Haryana,93641,72587,20079,975,Jind,1303,691,600,12
Haryana,93641,72587,20079,975,Nuh,964,806,142,16
Haryana,93641,72587,20079,975,Charkhi Dadri,376,267,108,1
Haryana,93641,72587,20079,975,Italians,0,0,0,0
Haryana,93641,72587,20079,975,Foreign Evacuees,0,0,0,0
Madhya Pradesh,88247,65998,20487,1762,Indore,16782,11313,5011,458
Madhya Pradesh,88247,65998,20487,1762,Bhopal,13187,11067,1796,324
Madhya Pradesh,88247,65998,20487,1762,Gwalior,7640,5472,2085,83
Madhya Pradesh,88247,65998,20487,1762,Jabalpur,6214,4911,1193,110
Madhya Pradesh,88247,65998,20487,1762,Khargone,2352,1774,545,33
Madhya Pradesh,88247,65998,20487,1762,Morena,2263,2116,130,17
Madhya Pradesh,88247,65998,20487,1762,Ujjain,2230,1740,406,84
Madhya Pradesh,88247,65998,20487,1762,Shivpuri,1608,1096,497,15
Madhya Pradesh,88247,65998,20487,1762,Sagar,1564,1102,390,72
Madhya Pradesh,88247,65998,20487,1762,Neemuch,1518,1152,343,23
Madhya Pradesh,88247,65998,20487,1762,Ratlam,1500,1157,313,30
Madhya Pradesh,88247,65998,20487,1762,Barwani,1442,1219,207,16
Madhya Pradesh,88247,65998,20487,1762,Dhar,1407,943,444,20
Madhya Pradesh,88247,65998,20487,1762,Vidisha,1245,941,277,27
Madhya Pradesh,88247,65998,20487,1762,Khandwa,1182,933,223,26
Madhya Pradesh,88247,65998,20487,1762,Mandsaur,1146,915,217,14
Madhya Pradesh,88247,65998,20487,1762,Rewa,1120,751,352,17
Madhya Pradesh,88247,65998,20487,1762,Betul,1112,734,354,24
Madhya Pradesh,88247,65998,20487,1762,Narsinghpur,1110,558,545,7
Madhya Pradesh,88247,65998,20487,1762,Sehore,1079,654,402,23
Madhya Pradesh,88247,65998,20487,1762,Damoh,1078,667,391,20
Madhya Pradesh,88247,65998,20487,1762,Rajgarh,1022,839,168,15
Madhya Pradesh,88247,65998,20487,1762,Jhabua,983,776,198,9
Madhya Pradesh,88247,65998,20487,1762,Raisen,973,703,251,19
Madhya Pradesh,88247,65998,20487,1762,Datia,965,792,163,10
Madhya Pradesh,88247,65998,20487,1762,Dewas,950,776,157,17
Madhya Pradesh,88247,65998,20487,1762,Shahdol,907,618,277,12
Madhya Pradesh,88247,65998,20487,1762,Hoshangabad,897,542,332,23
Madhya Pradesh,88247,65998,20487,1762,Satna,871,675,173,23
Madhya Pradesh,88247,65998,20487,1762,Alirajpur,843,624,210,9
Madhya Pradesh,88247,65998,20487,1762,Chhatarpur,819,683,116,20
Madhya Pradesh,88247,65998,20487,1762,Chhindwara,716,487,214,15
Madhya Pradesh,88247,65998,20487,1762,Bhind,706,636,65,5
Madhya Pradesh,88247,65998,20487,1762,Shajapur,667,476,183,8
Madhya Pradesh,88247,65998,20487,1762,Sheopur,664,509,151,4
Madhya Pradesh,88247,65998,20487,1762,Katni,634,516,107,11
Madhya Pradesh,88247,65998,20487,1762,Burhanpur,616,547,44,25
Madhya Pradesh,88247,65998,20487,1762,Harda,613,486,113,14
Madhya Pradesh,88247,65998,20487,1762,Tikamgarh,567,436,114,17
Madhya Pradesh,88247,65998,20487,1762,Anuppur,552,482,64,6
Madhya Pradesh,88247,65998,20487,1762,Balaghat,542,335,206,1
Madhya Pradesh,88247,65998,20487,1762,Sidhi,519,326,191,2
Madhya Pradesh,88247,65998,20487,1762,Singrauli,474,357,109,8
Madhya Pradesh,88247,65998,20487,1762,Guna,460,343,105,12
Madhya Pradesh,88247,65998,20487,1762,Seoni,415,285,124,6
Madhya Pradesh,88247,65998,20487,1762,Mandla,378,276,97,5
Madhya Pradesh,88247,65998,20487,1762,Panna,364,292,71,1
Madhya Pradesh,88247,65998,20487,1762,Ashoknagar,313,230,71,12
Madhya Pradesh,88247,65998,20487,1762,Agar Malwa,304,226,72,6
Madhya Pradesh,88247,65998,20487,1762,Dindori,259,176,83,0
Madhya Pradesh,88247,65998,20487,1762,Niwari,254,194,59,1
Madhya Pradesh,88247,65998,20487,1762,Umaria,221,140,78,3
Madhya Pradesh,88247,65998,20487,1762,Other Region,0,0,0,0
Punjab,79679,57536,19787,2356,Ludhiana,13499,11342,1580,577
Punjab,79679,57536,19787,2356,Jalandhar,9682,7110,2318,254
Punjab,79679,57536,19787,2356,Patiala,8641,6659,1739,243
Punjab,79679,57536,19787,2356,S.A.S. Nagar,6575,4119,2319,137
Punjab,79679,57536,19787,2356,Amritsar,6471,4793,1425,253
Punjab,79679,57536,19787,2356,Gurdaspur,4177,2661,1430,86
Punjab,79679,57536,19787,2356,Bathinda,3987,2500,1414,73
Punjab,79679,57536,19787,2356,Hoshiarpur,2868,1855,928,85
Punjab,79679,57536,19787,2356,Sangrur,2766,2231,421,114
Punjab,79679,57536,19787,2356,Ferozepur,2424,1716,648,60
Punjab,79679,57536,19787,2356,Pathankot,2176,1419,720,37
Punjab,79679,57536,19787,2356,Kapurthala,2050,1323,633,94
Punjab,79679,57536,19787,2356,Faridkot,1961,1243,687,31
Punjab,79679,57536,19787,2356,Moga,1861,1252,559,50
Punjab,79679,57536,19787,2356,Sri Muktsar Sahib,1683,1033,629,21
Punjab,79679,57536,19787,2356,Barnala,1468,1018,419,31
Punjab,79679,57536,19787,2356,Fazilka,1449,1027,399,23
Punjab,79679,57536,19787,2356,Fatehgarh Sahib,1415,1152,210,53
Punjab,79679,57536,19787,2356,Rupnagar,1301,910,348,43
Punjab,79679,57536,19787,2356,Tarn Taran,1182,770,367,45
Punjab,79679,57536,19787,2356,Mansa,1052,644,391,17
Punjab,79679,57536,19787,2356,Shahid Bhagat Singh Nagar,991,759,203,29
Chhattisgarh,63991,31931,31505,555,Raipur,21850,10587,11002,261
Chhattisgarh,63991,31931,31505,555,Durg,6164,2853,3256,55
Chhattisgarh,63991,31931,31505,555,Rajnandgaon,5025,2423,2570,32
Chhattisgarh,63991,31931,31505,555,Bilaspur,4452,1545,2848,59
Chhattisgarh,63991,31931,31505,555,Raigarh,3537,1928,1583,26
Chhattisgarh,63991,31931,31505,555,Janjgir Champa,2344,1199,1130,15
Chhattisgarh,63991,31931,31505,555,Baloda Bazar,1586,1002,572,12
Chhattisgarh,63991,31931,31505,555,Bastar,1464,863,596,5
Chhattisgarh,63991,31931,31505,555,Korba,1456,951,500,5
Chhattisgarh,63991,31931,31505,555,Mahasamund,1317,523,779,15
Chhattisgarh,63991,31931,31505,555,Surguja,1280,794,478,8
Chhattisgarh,63991,31931,31505,555,Uttar Bastar Kanker,1068,623,439,6
Chhattisgarh,63991,31931,31505,555,Balod,1052,504,547,1
Chhattisgarh,63991,31931,31505,555,Kabeerdham,991,384,603,4
Chhattisgarh,63991,31931,31505,555,Dhamtari,939,405,532,2
Chhattisgarh,63991,31931,31505,555,Sukma,918,570,346,2
Chhattisgarh,63991,31931,31505,555,Bijapur,896,521,369,6
Chhattisgarh,63991,31931,31505,555,Koriya,870,401,462,7
Chhattisgarh,63991,31931,31505,555,Surajpur,804,367,433,4
Chhattisgarh,63991,31931,31505,555,Dakshin Bastar Dantewada,765,347,415,3
Chhattisgarh,63991,31931,31505,555,Narayanpur,764,625,139,0
Chhattisgarh,63991,31931,31505,555,Gariaband,743,459,278,6
Chhattisgarh,63991,31931,31505,555,Mungeli,731,316,415,0
Chhattisgarh,63991,31931,31505,555,Bametara,726,468,253,5
Chhattisgarh,63991,31931,31505,555,Jashpur,707,480,225,2
Chhattisgarh,63991,31931,31505,555,Kondagaon,672,364,307,1
Chhattisgarh,63991,31931,31505,555,Balrampur,579,344,234,1
Chhattisgarh,63991,31931,31505,555,Gaurela Pendra Marwahi,158,36,122,0
Chhattisgarh,63991,31931,31505,555,Other State,133,49,72,12
Jharkhand,61474,46583,14336,555,Ranchi,13192,9636,3466,90
Jharkhand,61474,46583,14336,555,East Singhbhum,10660,7351,3065,244
Jharkhand,61474,46583,14336,555,Dhanbad,4006,3059,902,45
Jharkhand,61474,46583,14336,555,Bokaro,3057,2591,447,19
Jharkhand,61474,46583,14336,555,Ramgarh,2785,1822,949,14
Jharkhand,61474,46583,14336,555,Giridih,2621,2254,358,9
Jharkhand,61474,46583,14336,555,Hazaribagh,2607,1840,746,21
Jharkhand,61474,46583,14336,555,West Singhbhum,2361,1953,390,18
Jharkhand,61474,46583,14336,555,Koderma,2152,1527,608,17
Jharkhand,61474,46583,14336,555,Saraikela-Kharsawan,2043,1340,696,7
Jharkhand,61474,46583,14336,555,Palamu,2040,1900,133,7
Jharkhand,61474,46583,14336,555,Deoghar,1746,1523,209,14
Jharkhand,61474,46583,14336,555,Garhwa,1509,1369,133,7
Jharkhand,61474,46583,14336,555,Simdega,1332,1002,326,4
Jharkhand,61474,46583,14336,555,Gumla,1256,823,431,2
Jharkhand,61474,46583,14336,555,Latehar,1212,984,227,1
Jharkhand,61474,46583,14336,555,Khunti,1106,835,268,3
Jharkhand,61474,46583,14336,555,Sahibganj,1027,834,184,9
Jharkhand,61474,46583,14336,555,Godda,1013,909,98,6
Jharkhand,61474,46583,14336,555,Chatra,1007,752,250,5
Jharkhand,61474,46583,14336,555,Dumka,815,605,204,6
Jharkhand,61474,46583,14336,555,Lohardaga,791,662,124,5
Jharkhand,61474,46583,14336,555,Pakur,584,507,76,1
Jharkhand,61474,46583,14336,555,Jamtara,552,505,46,1
Jammu and Kashmir,54096,35737,17481,878,Srinagar,11678,9468,1959,251
Jammu and Kashmir,54096,35737,17481,878,Jammu,8352,2694,5570,88
Jammu and Kashmir,54096,35737,17481,878,Budgam,3741,2313,1357,71
Jammu and Kashmir,54096,35737,17481,878,Baramulla,3479,2415,951,113
Jammu and Kashmir,54096,35737,17481,878,Pulwama,3164,2648,456,60
Jammu and Kashmir,54096,35737,17481,878,Anantnag,2895,2136,705,54
Jammu and Kashmir,54096,35737,17481,878,Kupwara,2846,1811,979,56
Jammu and Kashmir,54096,35737,17481,878,Bandipora,2838,1901,909,28
Jammu and Kashmir,54096,35737,17481,878,Ganderbal,2103,1502,576,25
Jammu and Kashmir,54096,35737,17481,878,Kulgam,2091,1916,135,40
Jammu and Kashmir,54096,35737,17481,878,Shopiyan,1873,1688,156,29
Jammu and Kashmir,54096,35737,17481,878,Udhampur,1454,815,635,4
Jammu and Kashmir,54096,35737,17481,878,Rajouri,1434,830,586,18
Jammu and Kashmir,54096,35737,17481,878,Kathua,1333,886,435,12
Jammu and Kashmir,54096,35737,17481,878,Samba,1066,620,438,8
Jammu and Kashmir,54096,35737,17481,878,Punch,900,408,486,6
Jammu and Kashmir,54096,35737,17481,878,Doda,826,405,412,9
Jammu and Kashmir,54096,35737,17481,878,Ramban,825,653,171,1
Jammu and Kashmir,54096,35737,17481,878,Kishtwar,610,273,335,2
Jammu and Kashmir,54096,35737,17481,878,Reasi,588,355,230,3
Jammu and Kashmir,54096,35737,17481,878,Muzaffarabad,0,0,0,0
Jammu and Kashmir,54096,35737,17481,878,Mirpur,0,0,0,0
Uttarakhand,31973,21040,10397,414,Dehradun,7585,4173,3179,200
Uttarakhand,31973,21040,10397,414,Haridwar,6737,4521,2126,66
Uttarakhand,31973,21040,10397,414,Udham Singh Nagar,5887,4661,1154,46
Uttarakhand,31973,21040,10397,414,Nainital,4126,2810,1230,75
Uttarakhand,31973,21040,10397,414,Tehri Garhwal,1734,1312,420,2
Uttarakhand,31973,21040,10397,414,Uttarkashi,1302,944,350,4
Uttarakhand,31973,21040,10397,414,Pauri Garhwal,1126,575,524,10
Uttarakhand,31973,21040,10397,414,Almora,875,558,311,3
Uttarakhand,31973,21040,10397,414,Pithoragarh,669,428,237,4
Uttarakhand,31973,21040,10397,414,Champawat,543,258,283,2
Uttarakhand,31973,21040,10397,414,Chamoli,519,351,165,0
Uttarakhand,31973,21040,10397,414,Rudraprayag,488,224,262,1
Uttarakhand,31973,21040,10397,414,Bageshwar,382,225,156,1
Goa,24592,19129,5173,290,Unknown,18213,16568,1547,98
Goa,24592,19129,5173,290,South Goa,3511,1407,1978,126
Goa,24592,19129,5173,290,North Goa,2668,964,1639,65
Goa,24592,19129,5173,290,Other State,200,190,9,1
Puducherry,19833,14570,4878,385,Puducherry,17158,12607,4220,331
Puducherry,19833,14570,4878,385,Karaikal,1295,950,325,20
Puducherry,19833,14570,4878,385,Yanam,1277,949,294,34
Puducherry,19833,14570,4878,385,Mahe,103,64,39,0
Tripura,18929,11132,7581,194,West Tripura,7053,3632,3303,107
Tripura,18929,11132,7581,194,Sipahijala,2225,1705,503,17
Tripura,18929,11132,7581,194,Gomati,2109,1470,617,21
Tripura,18929,11132,7581,194,Dhalai,1953,1091,854,7
Tripura,18929,11132,7581,194,North Tripura,1624,1002,609,7
Tripura,18929,11132,7581,194,South Tripura,1447,764,671,9
Tripura,18929,11132,7581,194,Khowai,1353,872,464,17
Tripura,18929,11132,7581,194,Unokoti,1165,596,560,9
Himachal Pradesh,9555,6099,3363,76,Solan,2169,1403,746,17
Himachal Pradesh,9555,6099,3363,76,Kangra,1480,890,575,15
Himachal Pradesh,9555,6099,3363,76,Sirmaur,1249,946,298,5
Himachal Pradesh,9555,6099,3363,76,Una,841,479,354,8
Himachal Pradesh,9555,6099,3363,76,Mandi,808,386,414,8
Himachal Pradesh,9555,6099,3363,76,Hamirpur,734,560,169,5
Himachal Pradesh,9555,6099,3363,76,Chamba,632,440,183,5
Himachal Pradesh,9555,6099,3363,76,Shimla,604,325,261,11
Himachal Pradesh,9555,6099,3363,76,Bilaspur,515,320,194,1
Himachal Pradesh,9555,6099,3363,76,Kullu,383,265,117,1
Himachal Pradesh,9555,6099,3363,76,Kinnaur,121,77,44,0
Himachal Pradesh,9555,6099,3363,76,Lahaul and Spiti,19,8,11,0
Chandigarh,7991,5170,2728,90,Chandigarh,7991,5170,2728,90
Manipur,7875,6191,1638,46,Imphal West,1988,52,1928,8
Manipur,7875,6191,1638,46,CAPF Personnel,1270,1288,-19,1
Manipur,7875,6191,1638,46,Thoubal,823,23,787,13
Manipur,7875,6191,1638,46,Imphal East,800,16,773,11
Manipur,7875,6191,1638,46,Churachandpur,463,58,402,3
Manipur,7875,6191,1638,46,Kangpokpi,347,19,326,2
Manipur,7875,6191,1638,46,Ukhrul,308,18,290,0
Manipur,7875,6191,1638,46,Bishnupur,298,58,238,2
Manipur,7875,6191,1638,46,Senapati,272,21,251,0
Manipur,7875,6191,1638,46,Tamenglong,266,32,234,0
Manipur,7875,6191,1638,46,Kakching,224,27,197,0
Manipur,7875,6191,1638,46,Unknown,211,4510,-4301,2
Manipur,7875,6191,1638,46,Kamjong,159,17,142,0
Manipur,7875,6191,1638,46,Jiribam,147,2,145,0
Manipur,7875,6191,1638,46,Chandel,113,4,105,4
Manipur,7875,6191,1638,46,Tengnoupal,82,13,69,0
Manipur,7875,6191,1638,46,Noney,71,18,53,0
Manipur,7875,6191,1638,46,Pherzawl,33,15,18,0
Arunachal Pradesh,6121,4379,1732,10,Papum Pare,2253,1634,615,4
Arunachal Pradesh,6121,4379,1732,10,Changlang,593,493,100,0
Arunachal Pradesh,6121,4379,1732,10,West Kameng,424,337,84,3
Arunachal Pradesh,6121,4379,1732,10,East Siang,407,254,152,1
Arunachal Pradesh,6121,4379,1732,10,West Siang,317,99,218,0
Arunachal Pradesh,6121,4379,1732,10,East Kameng,242,221,21,0
Arunachal Pradesh,6121,4379,1732,10,Tawang,222,158,63,1
Arunachal Pradesh,6121,4379,1732,10,Tirap,222,168,54,0
Arunachal Pradesh,6121,4379,1732,10,Namsai,212,195,16,1
Arunachal Pradesh,6121,4379,1732,10,Lohit,190,141,49,0
Arunachal Pradesh,6121,4379,1732,10,Upper Subansiri,167,138,29,0
Arunachal Pradesh,6121,4379,1732,10,Lower Siang,146,124,22,0
Arunachal Pradesh,6121,4379,1732,10,Lower Dibang Valley,138,50,88,0
Arunachal Pradesh,6121,4379,1732,10,Lower Subansiri,108,56,52,0
Arunachal Pradesh,6121,4379,1732,10,Upper Siang,102,65,37,0
Arunachal Pradesh,6121,4379,1732,10,Longding,83,32,51,0
Arunachal Pradesh,6121,4379,1732,10,Anjaw,79,55,24,0
Arunachal Pradesh,6121,4379,1732,10,Lepa Rada,78,57,21,0
Arunachal Pradesh,6121,4379,1732,10,Siang,43,42,1,0
Arunachal Pradesh,6121,4379,1732,10,Pakke Kessang,29,28,1,0
Arunachal Pradesh,6121,4379,1732,10,Shi Yomi,21,17,4,0
Arunachal Pradesh,6121,4379,1732,10,Kurung Kumey,20,5,15,0
Arunachal Pradesh,6121,4379,1732,10,Unknown,14,3,11,0
Arunachal Pradesh,6121,4379,1732,10,Upper Dibang Valley,4,1,3,0
Arunachal Pradesh,6121,4379,1732,10,Kra Daadi,4,3,1,0
Arunachal Pradesh,6121,4379,1732,10,Kamle,3,3,0,0
Nagaland,5083,3883,1172,8,Dimapur,2505,1763,723,8
Nagaland,5083,3883,1172,8,Kohima,1534,1144,386,0
Nagaland,5083,3883,1172,8,Peren,350,347,3,0
Nagaland,5083,3883,1172,8,Mon,325,298,23,0
Nagaland,5083,3883,1172,8,Zunheboto,119,115,4,0
Nagaland,5083,3883,1172,8,Tuensang,73,70,3,0
Nagaland,5083,3883,1172,8,Others,46,46,0,0
Nagaland,5083,3883,1172,8,Mokokchung,39,22,17,0
Nagaland,5083,3883,1172,8,Wokha,35,34,1,0
Nagaland,5083,3883,1172,8,Phek,34,33,1,0
Nagaland,5083,3883,1172,8,Kiphire,16,5,11,0
Nagaland,5083,3883,1172,8,Longleng,7,6,0,0
Meghalaya,3724,2075,1623,26,East Khasi Hills,2333,1265,1047,21
Meghalaya,3724,2075,1623,26,West Garo Hills,577,375,201,1
Meghalaya,3724,2075,1623,26,Ribhoi,325,185,137,3
Meghalaya,3724,2075,1623,26,East Jaintia Hills,183,35,148,0
Meghalaya,3724,2075,1623,26,East Garo Hills,104,87,17,0
Meghalaya,3724,2075,1623,26,West Khasi Hills,65,50,14,1
Meghalaya,3724,2075,1623,26,West Jaintia Hills,40,27,13,0
Meghalaya,3724,2075,1623,26,South Garo Hills,37,17,20,0
Meghalaya,3724,2075,1623,26,North Garo Hills,31,19,12,0
Meghalaya,3724,2075,1623,26,South West Garo Hills,23,14,9,0
Meghalaya,3724,2075,1623,26,South West Khasi Hills,6,1,5,0
Andaman and Nicobar Islands,3546,3243,252,51,Unknown,3494,3210,233,51
Andaman and Nicobar Islands,3546,3243,252,51,South Andaman,51,32,19,0
Andaman and Nicobar Islands,3546,3243,252,51,North and Middle Andaman,1,1,0,0
Andaman and Nicobar Islands,3546,3243,252,51,Nicobars,0,0,0,0
Ladakh,3345,2436,869,40,Leh,1859,1377,465,17
Ladakh,3345,2436,869,40,Kargil,1486,1059,404,23
Dadra and Nagar Haveli and Daman and Diu,2721,2460,230,2,Dadra and Nagar Haveli,1323,1167,150,1
Dadra and Nagar Haveli and Daman and Diu,2721,2460,230,2,Daman,1138,1070,54,1
Dadra and Nagar Haveli and Daman and Diu,2721,2460,230,2,Diu,260,223,26,0
Dadra and Nagar Haveli and Daman and Diu,2721,2460,230,2,Other State,0,0,0,0
Sikkim,2086,1505,565,16,East Sikkim,1446,1106,337,3
Sikkim,2086,1505,565,16,South Sikkim,475,73,402,0
Sikkim,2086,1505,565,16,West Sikkim,87,15,72,0
Sikkim,2086,1505,565,16,Unknown,77,310,-246,13
Sikkim,2086,1505,565,16,North Sikkim,1,1,0,0
Mizoram,1414,830,584,0,Aizawl,933,497,436,0
Mizoram,1414,830,584,0,Kolasib,206,103,103,0
Mizoram,1414,830,584,0,Lunglei,128,118,10,0
Mizoram,1414,830,584,0,Lawngtlai,33,29,4,0
Mizoram,1414,830,584,0,Mamit,33,21,12,0
Mizoram,1414,830,584,0,Saiha,31,27,4,0
Mizoram,1414,830,584,0,Serchhip,19,13,6,0
Mizoram,1414,830,584,0,Champhai,17,15,2,0
Mizoram,1414,830,584,0,Saitual,9,4,5,0
Mizoram,1414,830,584,0,Khawzawl,3,3,0,0
Mizoram,1414,830,584,0,Hnahthial,2,0,2,0
