state_name,cases,cured,active,deaths,district_name,district_cases,district_cured,district_active,district_deaths,state_IFR,district_IFR,state_CFR,district_CFR,state_CFR_CURRENT,district_CFR_CURRENT
maharashtra,967349,686462,252734,27787,pune,212563,142618,65361,4584,10.99,7.01,2.87,2.16,3.89,3.11
maharashtra,967349,686462,252734,27787,mumbai,160744,126743,25665,7985,10.99,31.11,2.87,4.97,3.89,5.93
maharashtra,967349,686462,252734,27787,thane,148690,117055,27576,4058,10.99,14.72,2.87,2.73,3.89,3.35
maharashtra,967349,686462,252734,27787,nashik,49651,37820,10827,1004,10.99,9.27,2.87,2.02,3.89,2.59
maharashtra,967349,686462,252734,27787,nagpur,42974,23511,18322,1137,10.99,6.21,2.87,2.65,3.89,4.61
maharashtra,967349,686462,252734,27787,raigad,37548,27248,9416,882,10.99,9.37,2.87,2.35,3.89,3.14
maharashtra,967349,686462,252734,27787,jalgaon,33138,24466,7709,963,10.99,12.49,2.87,2.91,3.89,3.79
maharashtra,967349,686462,252734,27787,kolhapur,30069,19037,10195,837,10.99,8.21,2.87,2.78,3.89,4.21
maharashtra,967349,686462,252734,27787,palghar,28981,23102,5220,659,10.99,12.62,2.87,2.27,3.89,2.77
maharashtra,967349,686462,252734,27787,aurangabad,27122,20035,6365,722,10.99,11.34,2.87,2.66,3.89,3.48
maharashtra,967349,686462,252734,27787,ahmednagar,26356,19849,6135,372,10.99,6.06,2.87,1.41,3.89,1.84
maharashtra,967349,686462,252734,27787,solapur,24439,17578,5974,886,10.99,14.83,2.87,3.63,3.89,4.8
maharashtra,967349,686462,252734,27787,sangli,20924,11936,8356,632,10.99,7.56,2.87,3.02,3.89,5.03
maharashtra,967349,686462,252734,27787,satara,20657,12185,8017,453,10.99,5.65,2.87,2.19,3.89,3.58
maharashtra,967349,686462,252734,27787,latur,11029,6547,4150,332,10.99,8.0,2.87,3.01,3.89,4.83
maharashtra,967349,686462,252734,27787,nanded,10249,4724,5248,277,10.99,5.28,2.87,2.7,3.89,5.54
maharashtra,967349,686462,252734,27787,dhule,9978,7310,2417,249,10.99,10.3,2.87,2.5,3.89,3.29
maharashtra,967349,686462,252734,27787,osmanabad,7790,4967,2605,218,10.99,8.37,2.87,2.8,3.89,4.2
maharashtra,967349,686462,252734,27787,amravati,6727,4804,1770,153,10.99,8.64,2.87,2.27,3.89,3.09
maharashtra,967349,686462,252734,27787,beed,6189,4114,1903,172,10.99,9.04,2.87,2.78,3.89,4.01
maharashtra,967349,686462,252734,27787,ratnagiri,5512,3150,2188,174,10.99,7.95,2.87,3.16,3.89,5.23
maharashtra,967349,686462,252734,27787,jalna,5503,3525,1826,152,10.99,8.32,2.87,2.76,3.89,4.13
maharashtra,967349,686462,252734,27787,akola,4792,3316,1308,167,10.99,12.77,2.87,3.48,3.89,4.79
maharashtra,967349,686462,252734,27787,buldhana,4517,2998,1428,91,10.99,6.37,2.87,2.01,3.89,2.95
maharashtra,967349,686462,252734,27787,chandrapur,4463,1895,2517,51,10.99,2.03,2.87,1.14,3.89,2.62
maharashtra,967349,686462,252734,27787,yavatmal,4461,2882,1479,100,10.99,6.76,2.87,2.24,3.89,3.35
maharashtra,967349,686462,252734,27787,parbhani,3670,2269,1297,104,10.99,8.02,2.87,2.83,3.89,4.38
maharashtra,967349,686462,252734,27787,nandurbar,3547,2335,1121,91,10.99,8.12,2.87,2.57,3.89,3.75
maharashtra,967349,686462,252734,27787,gondia,2600,1325,1246,29,10.99,2.33,2.87,1.12,3.89,2.14
maharashtra,967349,686462,252734,27787,washim,2365,1711,611,42,10.99,6.87,2.87,1.78,3.89,2.4
maharashtra,967349,686462,252734,27787,bhandara,2197,963,1204,30,10.99,2.49,2.87,1.37,3.89,3.02
maharashtra,967349,686462,252734,27787,sindhudurg,2081,884,1171,26,10.99,2.22,2.87,1.25,3.89,2.86
maharashtra,967349,686462,252734,27787,wardha,1943,921,998,23,10.99,2.3,2.87,1.18,3.89,2.44
maharashtra,967349,686462,252734,27787,hingoli,1915,1405,468,42,10.99,8.97,2.87,2.19,3.89,2.9
maharashtra,967349,686462,252734,27787,gadchiroli,1011,806,204,1,10.99,0.49,2.87,0.1,3.89,0.12
maharashtra,967349,686462,252734,27787,other state,954,428,437,89,10.99,20.37,2.87,9.33,3.89,17.21
maharashtra,967349,686462,252734,27787,mumbai suburban,0,0,0,0,10.99,0.0,2.87,0.0,3.89,0.0
andhra pradesh,537687,435647,97338,4702,east godavari,72497,59292,12763,442,4.83,3.46,0.87,0.61,1.07,0.74
andhra pradesh,537687,435647,97338,4702,kurnool,50182,45338,4438,406,4.83,9.15,0.87,0.81,1.07,0.89
andhra pradesh,537687,435647,97338,4702,anantapur,47548,42191,4966,391,4.83,7.87,0.87,0.82,1.07,0.92
andhra pradesh,537687,435647,97338,4702,west godavari,47248,42209,4663,376,4.83,8.06,0.87,0.8,1.07,0.88
andhra pradesh,537687,435647,97338,4702,chittoor,46469,37218,8747,504,4.83,5.76,0.87,1.08,1.07,1.34
andhra pradesh,537687,435647,97338,4702,guntur,43147,34898,7803,446,4.83,5.72,0.87,1.03,1.07,1.26
andhra pradesh,537687,435647,97338,4702,visakhapatnam,42436,36072,6023,341,4.83,5.66,0.87,0.8,1.07,0.94
andhra pradesh,537687,435647,97338,4702,s.p.s.r. nellore,41041,34800,5872,369,4.83,6.28,0.87,0.9,1.07,1.05
andhra pradesh,537687,435647,97338,4702,y.s.r. kadapa,34090,25866,7942,282,4.83,3.55,0.87,0.83,1.07,1.08
andhra pradesh,537687,435647,97338,4702,prakasam,33607,18157,15099,351,4.83,2.32,0.87,1.04,1.07,1.9
andhra pradesh,537687,435647,97338,4702,srikakulam,30372,23436,6657,279,4.83,4.19,0.87,0.92,1.07,1.18
andhra pradesh,537687,435647,97338,4702,vizianagaram,26196,16697,9314,185,4.83,1.99,0.87,0.71,1.07,1.1
andhra pradesh,537687,435647,97338,4702,krishna,19959,16578,3051,330,4.83,10.82,0.87,1.65,1.07,1.95
andhra pradesh,537687,435647,97338,4702,other state,2461,2461,0,0,4.83,0.0,0.87,0.0,1.07,0.0
andhra pradesh,537687,435647,97338,4702,foreign evacuees,434,434,0,0,4.83,0.0,0.87,0.0,1.07,0.0
tamil nadu,486052,429416,48479,8157,chennai,145606,131840,10845,2921,16.83,26.93,1.68,2.01,1.86,2.17
tamil nadu,486052,429416,48479,8157,chengalpattu,29507,26658,2380,469,16.83,19.71,1.68,1.59,1.86,1.73
tamil nadu,486052,429416,48479,8157,thiruvallur,27416,24890,2067,459,16.83,22.21,1.68,1.67,1.86,1.81
tamil nadu,486052,429416,48479,8157,coimbatore,20839,16709,3790,340,16.83,8.97,1.68,1.63,1.86,1.99
tamil nadu,486052,429416,48479,8157,kancheepuram,18967,17440,1249,278,16.83,22.26,1.68,1.47,1.86,1.57
tamil nadu,486052,429416,48479,8157,cuddalore,15473,11820,3489,164,16.83,4.7,1.68,1.06,1.86,1.37
tamil nadu,486052,429416,48479,8157,madurai,15118,13757,992,369,16.83,37.2,1.68,2.44,1.86,2.61
tamil nadu,486052,429416,48479,8157,salem,13590,11608,1778,204,16.83,11.47,1.68,1.5,1.86,1.73
tamil nadu,486052,429416,48479,8157,virudhunagar,13576,12831,544,201,16.83,36.95,1.68,1.48,1.86,1.54
tamil nadu,486052,429416,48479,8157,theni,13520,12562,804,154,16.83,19.15,1.68,1.14,1.86,1.21
tamil nadu,486052,429416,48479,8157,tiruvannamalai,12442,10736,1519,187,16.83,12.31,1.68,1.5,1.86,1.71
tamil nadu,486052,429416,48479,8157,vellore,12234,11022,1026,186,16.83,18.13,1.68,1.52,1.86,1.66
tamil nadu,486052,429416,48479,8157,thoothukkudi,12066,11240,708,118,16.83,16.67,1.68,0.98,1.86,1.04
tamil nadu,486052,429416,48479,8157,ranipet,11783,10864,779,140,16.83,17.97,1.68,1.19,1.86,1.27
tamil nadu,486052,429416,48479,8157,tirunelveli,10774,9490,1092,192,16.83,17.58,1.68,1.78,1.86,1.98
tamil nadu,486052,429416,48479,8157,kanyakumari,10615,9630,780,205,16.83,26.28,1.68,1.93,1.86,2.08
tamil nadu,486052,429416,48479,8157,viluppuram,8990,8136,771,83,16.83,10.77,1.68,0.92,1.86,1.01
tamil nadu,486052,429416,48479,8157,tiruchirappalli,8540,7486,924,130,16.83,14.07,1.68,1.52,1.86,1.71
tamil nadu,486052,429416,48479,8157,thanjavur,7906,6974,806,126,16.83,15.63,1.68,1.59,1.86,1.77
tamil nadu,486052,429416,48479,8157,dindigul,7681,6569,966,146,16.83,15.11,1.68,1.9,1.86,2.17
tamil nadu,486052,429416,48479,8157,kallakurichi,7521,6515,921,85,16.83,9.23,1.68,1.13,1.86,1.29
tamil nadu,486052,429416,48479,8157,pudukkottai,7105,6192,796,117,16.83,14.7,1.68,1.65,1.86,1.85
tamil nadu,486052,429416,48479,8157,tenkasi,6092,5315,664,113,16.83,17.02,1.68,1.85,1.86,2.08
tamil nadu,486052,429416,48479,8157,ramanathapuram,5132,4648,372,112,16.83,30.11,1.68,2.18,1.86,2.35
tamil nadu,486052,429416,48479,8157,thiruvarur,4816,3857,896,63,16.83,7.03,1.68,1.31,1.86,1.61
tamil nadu,486052,429416,48479,8157,sivaganga,4399,4061,224,114,16.83,50.89,1.68,2.59,1.86,2.73
tamil nadu,486052,429416,48479,8157,erode,4205,3186,965,54,16.83,5.6,1.68,1.28,1.86,1.67
tamil nadu,486052,429416,48479,8157,tiruppur,4066,2650,1333,83,16.83,6.23,1.68,2.04,1.86,3.04
tamil nadu,486052,429416,48479,8157,nagapattinam,3716,2587,1064,65,16.83,6.11,1.68,1.75,1.86,2.45
tamil nadu,486052,429416,48479,8157,tirupathur,3506,2947,489,70,16.83,14.31,1.68,2.0,1.86,2.32
tamil nadu,486052,429416,48479,8157,ariyalur,3230,2843,350,37,16.83,10.57,1.68,1.15,1.86,1.28
tamil nadu,486052,429416,48479,8157,namakkal,3004,2201,755,48,16.83,6.36,1.68,1.6,1.86,2.13
tamil nadu,486052,429416,48479,8157,krishnagiri,2916,2149,726,41,16.83,5.65,1.68,1.41,1.86,1.87
tamil nadu,486052,429416,48479,8157,nilgiris,2128,1661,453,14,16.83,3.09,1.68,0.66,1.86,0.84
tamil nadu,486052,429416,48479,8157,karur,2053,1596,426,31,16.83,7.28,1.68,1.51,1.86,1.91
tamil nadu,486052,429416,48479,8157,airport quarantine,1802,1719,82,1,16.83,1.22,1.68,0.06,1.86,0.06
tamil nadu,486052,429416,48479,8157,dharmapuri,1796,1231,549,16,16.83,2.91,1.68,0.89,1.86,1.28
tamil nadu,486052,429416,48479,8157,perambalur,1494,1370,106,18,16.83,16.98,1.68,1.2,1.86,1.3
tamil nadu,486052,429416,48479,8157,railway quarantine,428,426,2,0,16.83,0.0,1.68,0.0,1.86,0.0
tamil nadu,486052,429416,48479,8157,other state,0,0,-3,3,16.83,-100.0,1.68,0.0,1.86,100.0
karnataka,430947,322454,101537,6937,bengaluru urban,160205,114208,43656,2340,6.83,5.36,1.61,1.46,2.11,2.01
karnataka,430947,322454,101537,6937,ballari,25404,20616,4466,322,6.83,7.21,1.61,1.27,2.11,1.54
karnataka,430947,322454,101537,6937,mysuru,23773,16408,6816,549,6.83,8.05,1.61,2.31,2.11,3.24
karnataka,430947,322454,101537,6937,dakshina kannada,16112,12414,3271,425,6.83,12.99,1.61,2.64,2.11,3.31
karnataka,430947,322454,101537,6937,belagavi,15606,11444,3936,226,6.83,5.74,1.61,1.45,2.11,1.94
karnataka,430947,322454,101537,6937,dharwad,13867,11013,2457,397,6.83,16.16,1.61,2.86,2.11,3.48
karnataka,430947,322454,101537,6937,kalaburagi,13734,11377,2122,235,6.83,11.07,1.61,1.71,2.11,2.02
karnataka,430947,322454,101537,6937,udupi,13583,11419,2039,125,6.83,6.13,1.61,0.92,2.11,1.08
karnataka,430947,322454,101537,6937,davanagere,12189,9213,2753,223,6.83,8.1,1.61,1.83,2.11,2.36
karnataka,430947,322454,101537,6937,shivamogga,11413,7966,3263,184,6.83,5.64,1.61,1.61,2.11,2.26
karnataka,430947,322454,101537,6937,hassan,10901,7698,2974,229,6.83,7.7,1.61,2.1,2.11,2.89
karnataka,430947,322454,101537,6937,raichur,8896,7148,1633,115,6.83,7.04,1.61,1.29,2.11,1.58
karnataka,430947,322454,101537,6937,koppal,8448,6505,1766,177,6.83,10.02,1.61,2.1,2.11,2.65
karnataka,430947,322454,101537,6937,tumakuru,8193,5664,2347,182,6.83,7.75,1.61,2.22,2.11,3.11
karnataka,430947,322454,101537,6937,bagalkote,7695,6504,1107,84,6.83,7.59,1.61,1.09,2.11,1.28
karnataka,430947,322454,101537,6937,mandya,7691,5439,2170,82,6.83,3.78,1.61,1.07,2.11,1.49
karnataka,430947,322454,101537,6937,vijayapura,7570,6786,654,130,6.83,19.88,1.61,1.72,2.11,1.88
karnataka,430947,322454,101537,6937,gadag,7115,5341,1672,102,6.83,6.1,1.61,1.43,2.11,1.87
karnataka,430947,322454,101537,6937,uttara kannada,6568,4584,1910,74,6.83,3.87,1.61,1.13,2.11,1.59
karnataka,430947,322454,101537,6937,yadgir,6539,5275,1218,46,6.83,3.78,1.61,0.7,2.11,0.86
karnataka,430947,322454,101537,6937,bengaluru rural,6002,4772,1180,50,6.83,4.24,1.61,0.83,2.11,1.04
karnataka,430947,322454,101537,6937,haveri,5949,4591,1235,123,6.83,9.96,1.61,2.07,2.11,2.61
karnataka,430947,322454,101537,6937,chikkamagaluru,5652,3966,1591,95,6.83,5.97,1.61,1.68,2.11,2.34
karnataka,430947,322454,101537,6937,chikkaballapura,5369,4303,995,70,6.83,7.04,1.61,1.3,2.11,1.6
karnataka,430947,322454,101537,6937,bidar,5200,4525,528,143,6.83,27.08,1.61,2.75,2.11,3.06
karnataka,430947,322454,101537,6937,kolar,4286,3449,766,71,6.83,9.27,1.61,1.66,2.11,2.02
karnataka,430947,322454,101537,6937,chitradurga,4228,2712,1489,27,6.83,1.81,1.61,0.64,2.11,0.99
karnataka,430947,322454,101537,6937,ramanagara,4023,3281,705,37,6.83,5.25,1.61,0.92,2.11,1.12
karnataka,430947,322454,101537,6937,chamarajanagara,2837,2382,398,46,6.83,11.56,1.61,1.62,2.11,1.89
karnataka,430947,322454,101537,6937,kodagu,1863,1418,420,25,6.83,5.95,1.61,1.34,2.11,1.73
karnataka,430947,322454,101537,6937,other state,36,33,0,3,6.83,0.0,1.61,8.33,2.11,8.33
uttar pradesh,292029,221506,66317,4206,lucknow,36036,26637,8919,480,6.34,5.38,1.44,1.33,1.86,1.77
uttar pradesh,292029,221506,66317,4206,kanpur nagar,18745,13814,4427,504,6.34,11.38,1.44,2.69,1.86,3.52
uttar pradesh,292029,221506,66317,4206,prayagraj,13142,9253,3692,197,6.34,5.34,1.44,1.5,1.86,2.08
uttar pradesh,292029,221506,66317,4206,gorakhpur,12045,8915,2960,170,6.34,5.74,1.44,1.41,1.86,1.87
uttar pradesh,292029,221506,66317,4206,varanasi,10055,7872,1985,198,6.34,9.97,1.44,1.97,1.86,2.45
uttar pradesh,292029,221506,66317,4206,ghaziabad,9999,8259,1667,73,6.34,4.38,1.44,0.73,1.86,0.88
uttar pradesh,292029,221506,66317,4206,gautam buddha nagar,9605,7737,1820,48,6.34,2.64,1.44,0.5,1.86,0.62
uttar pradesh,292029,221506,66317,4206,bareilly,7981,5982,1872,127,6.34,6.78,1.44,1.59,1.86,2.08
uttar pradesh,292029,221506,66317,4206,moradabad,6334,4911,1307,116,6.34,8.88,1.44,1.83,1.86,2.31
uttar pradesh,292029,221506,66317,4206,aligarh,5866,3992,1843,31,6.34,1.68,1.44,0.53,1.86,0.77
uttar pradesh,292029,221506,66317,4206,meerut,5834,3845,1830,159,6.34,8.69,1.44,2.73,1.86,3.97
uttar pradesh,292029,221506,66317,4206,saharanpur,5383,3474,1837,72,6.34,3.92,1.44,1.34,1.86,2.03
uttar pradesh,292029,221506,66317,4206,jhansi,5311,4297,899,115,6.34,12.79,1.44,2.17,1.86,2.61
uttar pradesh,292029,221506,66317,4206,deoria,4758,3786,922,50,6.34,5.42,1.44,1.05,1.86,1.3
uttar pradesh,292029,221506,66317,4206,barabanki,4709,3548,1124,37,6.34,3.29,1.44,0.79,1.86,1.03
uttar pradesh,292029,221506,66317,4206,ballia,4685,3903,726,56,6.34,7.71,1.44,1.2,1.86,1.41
uttar pradesh,292029,221506,66317,4206,ayodhya,4376,3177,1145,54,6.34,4.72,1.44,1.23,1.86,1.67
uttar pradesh,292029,221506,66317,4206,shahjahanpur,4217,3093,1066,58,6.34,5.44,1.44,1.38,1.86,1.84
uttar pradesh,292029,221506,66317,4206,jaunpur,4161,3652,453,56,6.34,12.36,1.44,1.35,1.86,1.51
uttar pradesh,292029,221506,66317,4206,rampur,4119,3226,858,35,6.34,4.08,1.44,0.85,1.86,1.07
uttar pradesh,292029,221506,66317,4206,kushinagar,3892,3070,797,25,6.34,3.14,1.44,0.64,1.86,0.81
uttar pradesh,292029,221506,66317,4206,agra,3733,2859,763,111,6.34,14.55,1.44,2.97,1.86,3.74
uttar pradesh,292029,221506,66317,4206,maharajganj,3637,2833,759,45,6.34,5.93,1.44,1.24,1.86,1.56
uttar pradesh,292029,221506,66317,4206,azamgarh,3625,3047,519,59,6.34,11.37,1.44,1.63,1.86,1.9
uttar pradesh,292029,221506,66317,4206,hardoi,3258,2496,720,42,6.34,5.83,1.44,1.29,1.86,1.65
uttar pradesh,292029,221506,66317,4206,ghazipur,3240,2820,388,32,6.34,8.25,1.44,0.99,1.86,1.12
uttar pradesh,292029,221506,66317,4206,gonda,3029,2488,510,31,6.34,6.08,1.44,1.02,1.86,1.23
uttar pradesh,292029,221506,66317,4206,lakhimpur kheri,2991,2295,660,36,6.34,5.45,1.44,1.2,1.86,1.54
uttar pradesh,292029,221506,66317,4206,muzaffarnagar,2976,1934,1001,41,6.34,4.1,1.44,1.38,1.86,2.08
uttar pradesh,292029,221506,66317,4206,mathura,2912,2107,752,53,6.34,7.05,1.44,1.82,1.86,2.45
uttar pradesh,292029,221506,66317,4206,basti,2819,2305,457,57,6.34,12.47,1.44,2.02,1.86,2.41
uttar pradesh,292029,221506,66317,4206,etawah,2807,2029,735,43,6.34,5.85,1.44,1.53,1.86,2.08
uttar pradesh,292029,221506,66317,4206,pilibhit,2805,2265,496,44,6.34,8.87,1.44,1.57,1.86,1.91
uttar pradesh,292029,221506,66317,4206,sitapur,2764,2002,745,17,6.34,2.28,1.44,0.62,1.86,0.84
uttar pradesh,292029,221506,66317,4206,bulandshahr,2733,2173,511,49,6.34,9.59,1.44,1.79,1.86,2.21
uttar pradesh,292029,221506,66317,4206,unnao,2635,1938,645,52,6.34,8.06,1.44,1.97,1.86,2.61
uttar pradesh,292029,221506,66317,4206,siddharthnagar,2563,2165,371,27,6.34,7.28,1.44,1.05,1.86,1.23
uttar pradesh,292029,221506,66317,4206,sultanpur,2485,1965,480,40,6.34,8.33,1.44,1.61,1.86,2.0
uttar pradesh,292029,221506,66317,4206,chandauli,2473,1914,537,22,6.34,4.1,1.44,0.89,1.86,1.14
uttar pradesh,292029,221506,66317,4206,pratapgarh,2464,1680,751,33,6.34,4.39,1.44,1.34,1.86,1.93
uttar pradesh,292029,221506,66317,4206,bahraich,2446,2017,388,41,6.34,10.57,1.44,1.68,1.86,1.99
uttar pradesh,292029,221506,66317,4206,bijnor,2235,1713,497,25,6.34,5.03,1.44,1.12,1.86,1.44
uttar pradesh,292029,221506,66317,4206,sant kabir nagar,2183,1926,229,28,6.34,12.23,1.44,1.28,1.86,1.43
uttar pradesh,292029,221506,66317,4206,sonbhadra,2064,1469,578,17,6.34,2.94,1.44,0.82,1.86,1.14
uttar pradesh,292029,221506,66317,4206,amroha,2024,1572,429,23,6.34,5.36,1.44,1.14,1.86,1.44
uttar pradesh,292029,221506,66317,4206,hapur,2006,1693,280,33,6.34,11.79,1.44,1.65,1.86,1.91
uttar pradesh,292029,221506,66317,4206,mainpuri,2000,1478,486,36,6.34,7.41,1.44,1.8,1.86,2.38
uttar pradesh,292029,221506,66317,4206,budaun,1988,1501,471,16,6.34,3.4,1.44,0.8,1.86,1.05
uttar pradesh,292029,221506,66317,4206,firozabad,1959,1461,448,50,6.34,11.16,1.44,2.55,1.86,3.31
uttar pradesh,292029,221506,66317,4206,rae bareli,1956,1335,568,53,6.34,9.33,1.44,2.71,1.86,3.82
uttar pradesh,292029,221506,66317,4206,kannauj,1945,1654,277,14,6.34,5.05,1.44,0.72,1.86,0.84
uttar pradesh,292029,221506,66317,4206,mau,1934,1427,489,18,6.34,3.68,1.44,0.93,1.86,1.25
uttar pradesh,292029,221506,66317,4206,mirzapur,1896,1583,287,26,6.34,9.06,1.44,1.37,1.86,1.62
uttar pradesh,292029,221506,66317,4206,lalitpur,1824,1200,600,24,6.34,4.0,1.44,1.32,1.86,1.96
uttar pradesh,292029,221506,66317,4206,sambhal,1806,1546,227,33,6.34,14.54,1.44,1.83,1.86,2.09
uttar pradesh,292029,221506,66317,4206,amethi,1778,1202,564,12,6.34,2.13,1.44,0.67,1.86,0.99
uttar pradesh,292029,221506,66317,4206,fatehpur,1648,1200,423,25,6.34,5.91,1.44,1.52,1.86,2.04
uttar pradesh,292029,221506,66317,4206,farrukhabad,1621,1195,398,28,6.34,7.04,1.44,1.73,1.86,2.29
uttar pradesh,292029,221506,66317,4206,auraiya,1615,1215,386,14,6.34,3.63,1.44,0.87,1.86,1.14
uttar pradesh,292029,221506,66317,4206,jalaun,1611,1312,284,15,6.34,5.28,1.44,0.93,1.86,1.13
uttar pradesh,292029,221506,66317,4206,shamli,1561,1013,537,11,6.34,2.05,1.44,0.7,1.86,1.07
uttar pradesh,292029,221506,66317,4206,kanpur dehat,1452,966,473,13,6.34,2.75,1.44,0.9,1.86,1.33
uttar pradesh,292029,221506,66317,4206,bhadohi,1318,1053,254,11,6.34,4.33,1.44,0.83,1.86,1.03
uttar pradesh,292029,221506,66317,4206,banda,1312,819,480,13,6.34,2.71,1.44,0.99,1.86,1.56
uttar pradesh,292029,221506,66317,4206,etah,1240,876,353,11,6.34,3.12,1.44,0.89,1.86,1.24
uttar pradesh,292029,221506,66317,4206,balrampur,1189,937,232,20,6.34,8.62,1.44,1.68,1.86,2.09
uttar pradesh,292029,221506,66317,4206,kaushambi,1157,922,221,14,6.34,6.33,1.44,1.21,1.86,1.5
uttar pradesh,292029,221506,66317,4206,kasganj,1104,789,313,2,6.34,0.64,1.44,0.18,1.86,0.25
uttar pradesh,292029,221506,66317,4206,ambedkar nagar,1085,795,267,23,6.34,8.61,1.44,2.12,1.86,2.81
uttar pradesh,292029,221506,66317,4206,baghpat,1011,871,122,18,6.34,14.75,1.44,1.78,1.86,2.02
uttar pradesh,292029,221506,66317,4206,chitrakoot,882,641,236,5,6.34,2.12,1.44,0.57,1.86,0.77
uttar pradesh,292029,221506,66317,4206,shrawasti,816,670,135,11,6.34,8.15,1.44,1.35,1.86,1.62
uttar pradesh,292029,221506,66317,4206,hamirpur,786,593,178,15,6.34,8.43,1.44,1.91,1.86,2.47
uttar pradesh,292029,221506,66317,4206,hathras,753,635,111,7,6.34,6.31,1.44,0.93,1.86,1.09
uttar pradesh,292029,221506,66317,4206,mahoba,622,469,147,6,6.34,4.08,1.44,0.96,1.86,1.26
delhi,205482,175400,25416,4666,unknown,204694,175400,24629,4665,18.36,18.94,2.27,2.28,2.59,2.59
delhi,205482,175400,25416,4666,central delhi,184,0,184,0,18.36,0.0,2.27,0.0,2.59,0.0
delhi,205482,175400,25416,4666,south east delhi,130,0,130,0,18.36,0.0,2.27,0.0,2.59,0.0
delhi,205482,175400,25416,4666,west delhi,122,0,122,0,18.36,0.0,2.27,0.0,2.59,0.0
delhi,205482,175400,25416,4666,south delhi,70,0,70,0,18.36,0.0,2.27,0.0,2.59,0.0
delhi,205482,175400,25416,4666,north delhi,60,0,60,0,18.36,0.0,2.27,0.0,2.59,0.0
delhi,205482,175400,25416,4666,shahdara,48,0,48,0,18.36,0.0,2.27,0.0,2.59,0.0
delhi,205482,175400,25416,4666,south west delhi,42,0,42,0,18.36,0.0,2.27,0.0,2.59,0.0
delhi,205482,175400,25416,4666,east delhi,38,0,38,0,18.36,0.0,2.27,0.0,2.59,0.0
delhi,205482,175400,25416,4666,new delhi,37,0,37,0,18.36,0.0,2.27,0.0,2.59,0.0
delhi,205482,175400,25416,4666,north west delhi,32,0,31,1,18.36,3.23,2.27,3.12,2.59,100.0
delhi,205482,175400,25416,4666,north east delhi,25,0,25,0,18.36,0.0,2.27,0.0,2.59,0.0
west bengal,190063,162992,23341,3730,kolkata,44476,38965,4083,1428,15.98,34.97,1.96,3.21,2.24,3.54
west bengal,190063,162992,23341,3730,north 24 parganas,39438,33748,4848,842,15.98,17.37,1.96,2.13,2.24,2.43
west bengal,190063,162992,23341,3730,howrah,14567,13147,992,428,15.98,43.15,1.96,2.94,2.24,3.15
west bengal,190063,162992,23341,3730,south 24 parganas,12904,11365,1299,240,15.98,18.48,1.96,1.86,2.24,2.07
west bengal,190063,162992,23341,3730,hooghly,9293,7762,1373,158,15.98,11.51,1.96,1.7,2.24,1.99
west bengal,190063,162992,23341,3730,purba medinipur,7886,6379,1424,83,15.98,5.83,1.96,1.05,2.24,1.28
west bengal,190063,162992,23341,3730,paschim medinipur,6169,4853,1250,66,15.98,5.28,1.96,1.07,2.24,1.34
west bengal,190063,162992,23341,3730,darjeeling,5828,5068,676,84,15.98,12.43,1.96,1.44,2.24,1.63
west bengal,190063,162992,23341,3730,malda,5305,4976,285,44,15.98,15.44,1.96,0.83,2.24,0.88
west bengal,190063,162992,23341,3730,nadia,4900,3981,864,55,15.98,6.37,1.96,1.12,2.24,1.36
west bengal,190063,162992,23341,3730,paschim bardhaman,4823,3820,962,41,15.98,4.26,1.96,0.85,2.24,1.06
west bengal,190063,162992,23341,3730,jalpaiguri,4382,3739,606,37,15.98,6.11,1.96,0.84,2.24,0.98
west bengal,190063,162992,23341,3730,dakshin dinajpur,4265,3823,415,27,15.98,6.51,1.96,0.63,2.24,0.7
west bengal,190063,162992,23341,3730,murshidabad,4006,3439,517,50,15.98,9.67,1.96,1.25,2.24,1.43
west bengal,190063,162992,23341,3730,cooch behar,3954,3284,654,16,15.98,2.45,1.96,0.4,2.24,0.48
west bengal,190063,162992,23341,3730,bankura,3481,2739,716,26,15.98,3.63,1.96,0.75,2.24,0.94
west bengal,190063,162992,23341,3730,purba bardhaman,3396,2777,595,24,15.98,4.03,1.96,0.71,2.24,0.86
west bengal,190063,162992,23341,3730,alipurduar,3010,2347,637,26,15.98,4.08,1.96,0.86,2.24,1.1
west bengal,190063,162992,23341,3730,uttar dinajpur,2643,2321,299,23,15.98,7.69,1.96,0.87,2.24,0.98
west bengal,190063,162992,23341,3730,birbhum,2527,2148,361,18,15.98,4.99,1.96,0.71,2.24,0.83
west bengal,190063,162992,23341,3730,purulia,1849,1476,367,6,15.98,1.63,1.96,0.32,2.24,0.4
west bengal,190063,162992,23341,3730,kalimpong,570,494,73,3,15.98,4.11,1.96,0.53,2.24,0.6
west bengal,190063,162992,23341,3730,jhargram,325,278,45,2,15.98,4.44,1.96,0.62,2.24,0.71
west bengal,190063,162992,23341,3730,other state,66,63,0,3,15.98,0.0,1.96,4.55,2.24,4.55
bihar,153735,137271,15678,785,patna,23395,21154,2057,184,5.01,8.95,0.51,0.79,0.57,0.86
bihar,153735,137271,15678,785,muzaffarpur,6798,5982,788,28,5.01,3.55,0.51,0.41,0.57,0.47
bihar,153735,137271,15678,785,bhagalpur,6369,5531,787,51,5.01,6.48,0.51,0.8,0.57,0.91
bihar,153735,137271,15678,785,begusarai,5755,5409,323,23,5.01,7.12,0.51,0.4,0.57,0.42
bihar,153735,137271,15678,785,east champaran,5653,5055,565,33,5.01,5.84,0.51,0.58,0.57,0.65
bihar,153735,137271,15678,785,madhubani,5226,4615,602,9,5.01,1.5,0.51,0.17,0.57,0.19
bihar,153735,137271,15678,785,gaya,5026,4575,407,44,5.01,10.81,0.51,0.88,0.57,0.95
bihar,153735,137271,15678,785,katihar,5006,4612,386,8,5.01,2.07,0.51,0.16,0.57,0.17
bihar,153735,137271,15678,785,nalanda,4987,4587,366,34,5.01,9.29,0.51,0.68,0.57,0.74
bihar,153735,137271,15678,785,purnia,4860,4108,747,5,5.01,0.67,0.51,0.1,0.57,0.12
bihar,153735,137271,15678,785,saran,4831,4288,517,26,5.01,5.03,0.51,0.54,0.57,0.6
bihar,153735,137271,15678,785,rohtas,4722,4384,305,33,5.01,10.82,0.51,0.7,0.57,0.75
bihar,153735,137271,15678,785,west champaran,4055,3579,460,16,5.01,3.48,0.51,0.39,0.57,0.45
bihar,153735,137271,15678,785,araria,4039,3067,961,11,5.01,1.14,0.51,0.27,0.57,0.36
bihar,153735,137271,15678,785,saharsa,3866,3383,478,5,5.01,1.05,0.51,0.13,0.57,0.15
bihar,153735,137271,15678,785,bhojpur,3809,3585,195,29,5.01,14.87,0.51,0.76,0.57,0.8
bihar,153735,137271,15678,785,samastipur,3744,3347,372,25,5.01,6.72,0.51,0.67,0.57,0.74
bihar,153735,137271,15678,785,vaishali,3719,3467,224,27,5.01,12.05,0.51,0.73,0.57,0.77
bihar,153735,137271,15678,785,siwan,3243,2965,259,19,5.01,7.34,0.51,0.59,0.57,0.64
bihar,153735,137271,15678,785,gopalganj,3196,2795,399,2,5.01,0.5,0.51,0.06,0.57,0.07
bihar,153735,137271,15678,785,aurangabad,3156,2765,383,8,5.01,2.09,0.51,0.25,0.57,0.29
bihar,153735,137271,15678,785,buxar,3152,2932,210,10,5.01,4.76,0.51,0.32,0.57,0.34
bihar,153735,137271,15678,785,sitamarhi,3013,2722,281,10,5.01,3.56,0.51,0.33,0.57,0.37
bihar,153735,137271,15678,785,supaul,2943,2503,433,7,5.01,1.62,0.51,0.24,0.57,0.28
bihar,153735,137271,15678,785,darbhanga,2663,2269,375,19,5.01,5.07,0.51,0.71,0.57,0.83
bihar,153735,137271,15678,785,jehanabad,2614,2359,247,8,5.01,3.24,0.51,0.31,0.57,0.34
bihar,153735,137271,15678,785,munger,2553,2329,191,33,5.01,17.28,0.51,1.29,0.57,1.4
bihar,153735,137271,15678,785,madhepura,2515,2125,381,9,5.01,2.36,0.51,0.36,0.57,0.42
bihar,153735,137271,15678,785,kishanganj,2498,2157,335,6,5.01,1.79,0.51,0.24,0.57,0.28
bihar,153735,137271,15678,785,khagaria,2421,2275,137,9,5.01,6.57,0.51,0.37,0.57,0.39
bihar,153735,137271,15678,785,nawada,2396,2135,247,14,5.01,5.67,0.51,0.58,0.57,0.65
bihar,153735,137271,15678,785,lakhisarai,2076,1808,263,5,5.01,1.9,0.51,0.24,0.57,0.28
bihar,153735,137271,15678,785,banka,1908,1673,228,7,5.01,3.07,0.51,0.37,0.57,0.42
bihar,153735,137271,15678,785,sheikhpura,1906,1752,149,5,5.01,3.36,0.51,0.26,0.57,0.28
bihar,153735,137271,15678,785,jamui,1808,1596,206,6,5.01,2.91,0.51,0.33,0.57,0.37
bihar,153735,137271,15678,785,arwal,1485,1328,150,7,5.01,4.67,0.51,0.47,0.57,0.52
bihar,153735,137271,15678,785,kaimur,1423,1296,118,9,5.01,7.63,0.51,0.63,0.57,0.69
bihar,153735,137271,15678,785,sheohar,906,759,146,1,5.01,0.68,0.51,0.11,0.57,0.13
telangana,150176,117143,32106,927,hyderabad,54785,305,54457,23,2.89,0.04,0.62,0.04,0.79,7.01
telangana,150176,117143,32106,927,ranga reddy,12363,17,12344,2,2.89,0.02,0.62,0.02,0.79,10.53
telangana,150176,117143,32106,927,medchal malkajgiri,8546,9,8536,1,2.89,0.01,0.62,0.01,0.79,10.0
telangana,150176,117143,32106,927,karimnagar,6116,16,6100,0,2.89,0.0,0.62,0.0,0.79,0.0
telangana,150176,117143,32106,927,warangal urban,5886,23,5863,0,2.89,0.0,0.62,0.0,0.79,0.0
telangana,150176,117143,32106,927,nalgonda,4803,12,4791,0,2.89,0.0,0.62,0.0,0.79,0.0
telangana,150176,117143,32106,927,nizamabad,4335,30,4305,0,2.89,0.0,0.62,0.0,0.79,0.0
telangana,150176,117143,32106,927,khammam,4218,3,4215,0,2.89,0.0,0.62,0.0,0.79,0.0
telangana,150176,117143,32106,927,sangareddy,3926,6,3920,0,2.89,0.0,0.62,0.0,0.79,0.0
telangana,150176,117143,32106,927,suryapet,3070,24,3046,0,2.89,0.0,0.62,0.0,0.79,0.0
telangana,150176,117143,32106,927,siddipet,3064,1,3063,0,2.89,0.0,0.62,0.0,0.79,0.0
telangana,150176,117143,32106,927,peddapalli,2871,1,2870,0,2.89,0.0,0.62,0.0,0.79,0.0
telangana,150176,117143,32106,927,kamareddy,2766,8,2758,0,2.89,0.0,0.62,0.0,0.79,0.0
telangana,150176,117143,32106,927,jagtial,2735,2,2733,0,2.89,0.0,0.62,0.0,0.79,0.0
telangana,150176,117143,32106,927,bhadradri kothagudem,2582,4,2578,0,2.89,0.0,0.62,0.0,0.79,0.0
telangana,150176,117143,32106,927,mancherial,2510,0,2509,1,2.89,0.04,0.62,0.04,0.79,100.0
telangana,150176,117143,32106,927,mahabubnagar,2472,8,2464,0,2.89,0.0,0.62,0.0,0.79,0.0
telangana,150176,117143,32106,927,mahabubabad,2256,1,2255,0,2.89,0.0,0.62,0.0,0.79,0.0
telangana,150176,117143,32106,927,rajanna sircilla,2132,2,2130,0,2.89,0.0,0.62,0.0,0.79,0.0
telangana,150176,117143,32106,927,jogulamba gadwal,2065,25,2039,1,2.89,0.05,0.62,0.05,0.79,3.85
telangana,150176,117143,32106,927,nagarkurnool,1820,2,1818,0,2.89,0.0,0.62,0.0,0.79,0.0
telangana,150176,117143,32106,927,jangaon,1676,1,1675,0,2.89,0.0,0.62,0.0,0.79,0.0
telangana,150176,117143,32106,927,medak,1674,4,1670,0,2.89,0.0,0.62,0.0,0.79,0.0
telangana,150176,117143,32106,927,warangal rural,1653,0,1653,0,2.89,0.0,0.62,0.0,0.79,0.0
telangana,150176,117143,32106,927,wanaparthy,1596,0,1596,0,2.89,0.0,0.62,0.0,0.79,0.0
telangana,150176,117143,32106,927,yadadri bhuvanagiri,1488,0,1488,0,2.89,0.0,0.62,0.0,0.79,0.0
telangana,150176,117143,32106,927,adilabad,1217,15,1202,0,2.89,0.0,0.62,0.0,0.79,0.0
telangana,150176,117143,32106,927,nirmal,1011,13,998,0,2.89,0.0,0.62,0.0,0.79,0.0
telangana,150176,117143,32106,927,mulugu,944,2,942,0,2.89,0.0,0.62,0.0,0.79,0.0
telangana,150176,117143,32106,927,jayashankar bhupalapally,899,0,899,0,2.89,0.0,0.62,0.0,0.79,0.0
telangana,150176,117143,32106,927,vikarabad,880,15,864,1,2.89,0.12,0.62,0.11,0.79,6.25
telangana,150176,117143,32106,927,komaram bheem,550,2,548,0,2.89,0.0,0.62,0.0,0.79,0.0
telangana,150176,117143,32106,927,narayanpet,527,0,526,1,2.89,0.19,0.62,0.19,0.79,100.0
telangana,150176,117143,32106,927,unknown,457,116592,-117032,897,2.89,-0.77,0.62,196.28,0.79,0.76
telangana,150176,117143,32106,927,other state,250,0,250,0,2.89,0.0,0.62,0.0,0.79,0.0
telangana,150176,117143,32106,927,foreign evacuees,33,0,33,0,2.89,0.0,0.62,0.0,0.79,0.0
odisha,139121,105295,33182,644,khordha,24019,17115,6812,92,1.94,1.35,0.46,0.38,0.61,0.53
odisha,139121,105295,33182,644,ganjam,18978,18031,725,222,1.94,30.62,0.46,1.17,0.61,1.22
odisha,139121,105295,33182,644,cuttack,11911,8251,3615,45,1.94,1.24,0.46,0.38,0.61,0.54
odisha,139121,105295,33182,644,rayagada,5808,4989,787,32,1.94,4.07,0.46,0.55,0.61,0.64
odisha,139121,105295,33182,644,puri,5559,3829,1705,25,1.94,1.47,0.46,0.45,0.61,0.65
odisha,139121,105295,33182,644,jajpur,5354,3845,1502,7,1.94,0.47,0.46,0.13,0.61,0.18
odisha,139121,105295,33182,644,sundargarh,5262,4241,979,42,1.94,4.29,0.46,0.8,0.61,0.98
odisha,139121,105295,33182,644,mayurbhanj,5253,3582,1661,10,1.94,0.6,0.46,0.19,0.61,0.28
odisha,139121,105295,33182,644,balasore,4704,3725,960,19,1.94,1.98,0.46,0.4,0.61,0.51
odisha,139121,105295,33182,644,koraput,4468,3711,751,6,1.94,0.8,0.46,0.13,0.61,0.16
odisha,139121,105295,33182,644,bargarh,3941,2012,1920,9,1.94,0.47,0.46,0.23,0.61,0.45
odisha,139121,105295,33182,644,sambalpur,3643,2857,771,15,1.94,1.95,0.46,0.41,0.61,0.52
odisha,139121,105295,33182,644,nayagarh,3589,2926,646,17,1.94,2.63,0.46,0.47,0.61,0.58
odisha,139121,105295,33182,644,bhadrak,3585,2730,841,14,1.94,1.66,0.46,0.39,0.61,0.51
odisha,139121,105295,33182,644,gajapati,3098,2858,221,19,1.94,8.6,0.46,0.61,0.61,0.66
odisha,139121,105295,33182,644,jagatsinghpur,2666,1779,881,6,1.94,0.68,0.46,0.23,0.61,0.34
odisha,139121,105295,33182,644,kandhamal,2662,2249,399,14,1.94,3.51,0.46,0.53,0.61,0.62
odisha,139121,105295,33182,644,kendrapara,2657,1738,915,4,1.94,0.44,0.46,0.15,0.61,0.23
odisha,139121,105295,33182,644,kendujhar,2651,2061,581,9,1.94,1.55,0.46,0.34,0.61,0.43
odisha,139121,105295,33182,644,malkangiri,2647,2432,204,11,1.94,5.39,0.46,0.42,0.61,0.45
odisha,139121,105295,33182,644,balangir,2552,1823,720,9,1.94,1.25,0.46,0.35,0.61,0.49
odisha,139121,105295,33182,644,dhenkanal,2311,1831,478,2,1.94,0.42,0.46,0.09,0.61,0.11
odisha,139121,105295,33182,644,jharsuguda,2197,1370,826,1,1.94,0.12,0.46,0.05,0.61,0.07
odisha,139121,105295,33182,644,kalahandi,1789,1308,478,3,1.94,0.63,0.46,0.17,0.61,0.23
odisha,139121,105295,33182,644,nabarangapur,1758,1148,606,4,1.94,0.66,0.46,0.23,0.61,0.35
odisha,139121,105295,33182,644,angul,1546,777,765,4,1.94,0.52,0.46,0.26,0.61,0.51
odisha,139121,105295,33182,644,subarnapur,1489,702,784,3,1.94,0.38,0.46,0.2,0.61,0.43
odisha,139121,105295,33182,644,nuapada,1191,538,653,0,1.94,0.0,0.46,0.0,0.61,0.0
odisha,139121,105295,33182,644,boudh,967,625,342,0,1.94,0.0,0.46,0.0,0.61,0.0
odisha,139121,105295,33182,644,unknown,532,0,532,0,1.94,0.0,0.46,0.0,0.61,0.0
odisha,139121,105295,33182,644,deogarh,334,212,122,0,1.94,0.0,0.46,0.0,0.61,0.0
odisha,139121,105295,33182,644,others,0,0,0,0,1.94,0.0,0.46,0.0,0.61,0.0
assam,133066,103505,29162,396,unknown,42330,58353,-16062,36,1.36,-0.22,0.3,0.09,0.38,0.06
assam,133066,103505,29162,396,kamrup metropolitan,34899,14599,20224,76,1.36,0.38,0.3,0.22,0.38,0.52
assam,133066,103505,29162,396,dibrugarh,7580,2409,5118,53,1.36,1.04,0.3,0.7,0.38,2.15
assam,133066,103505,29162,396,cachar,6111,1498,4585,28,1.36,0.61,0.3,0.46,0.38,1.83
assam,133066,103505,29162,396,jorhat,5227,1752,3458,17,1.36,0.49,0.3,0.33,0.38,0.96
assam,133066,103505,29162,396,kamrup,4590,2074,2496,20,1.36,0.8,0.3,0.44,0.38,0.96
assam,133066,103505,29162,396,nagaon,4515,2506,1999,10,1.36,0.5,0.3,0.22,0.38,0.4
assam,133066,103505,29162,396,tinsukia,3366,1798,1545,23,1.36,1.49,0.3,0.68,0.38,1.26
assam,133066,103505,29162,396,golaghat,2620,1656,954,10,1.36,1.05,0.3,0.38,0.38,0.6
assam,133066,103505,29162,396,sonitpur,2351,1727,620,4,1.36,0.65,0.3,0.17,0.38,0.23
assam,133066,103505,29162,396,darrang,1967,1730,225,12,1.36,5.33,0.3,0.61,0.38,0.69
assam,133066,103505,29162,396,dhubri,1723,1215,504,4,1.36,0.79,0.3,0.23,0.38,0.33
assam,133066,103505,29162,396,lakhimpur,1649,1135,512,2,1.36,0.39,0.3,0.12,0.38,0.18
assam,133066,103505,29162,396,hojai,1646,1160,478,8,1.36,1.67,0.3,0.49,0.38,0.68
assam,133066,103505,29162,396,hailakandi,1632,1116,509,7,1.36,1.38,0.3,0.43,0.38,0.62
assam,133066,103505,29162,396,bongaigaon,1303,834,466,3,1.36,0.64,0.3,0.23,0.38,0.36
assam,133066,103505,29162,396,karimganj,1200,955,222,23,1.36,10.36,0.3,1.92,0.38,2.35
assam,133066,103505,29162,396,barpeta,1121,1024,93,4,1.36,4.3,0.3,0.36,0.38,0.39
assam,133066,103505,29162,396,nalbari,948,828,111,9,1.36,8.11,0.3,0.95,0.38,1.08
assam,133066,103505,29162,396,udalguri,758,666,88,4,1.36,4.55,0.3,0.53,0.38,0.6
assam,133066,103505,29162,396,baksa,687,447,235,5,1.36,2.13,0.3,0.73,0.38,1.11
assam,133066,103505,29162,396,goalpara,658,568,38,1,1.36,2.63,0.3,0.15,0.38,0.18
assam,133066,103505,29162,396,morigaon,638,557,79,2,1.36,2.53,0.3,0.31,0.38,0.36
assam,133066,103505,29162,396,karbi anglong,632,552,72,8,1.36,11.11,0.3,1.27,0.38,1.43
assam,133066,103505,29162,396,dhemaji,612,440,170,2,1.36,1.18,0.3,0.33,0.38,0.45
assam,133066,103505,29162,396,sivasagar,529,473,46,10,1.36,21.74,0.3,1.89,0.38,2.07
assam,133066,103505,29162,396,biswanath,467,379,88,0,1.36,0.0,0.3,0.0,0.38,0.0
assam,133066,103505,29162,396,kokrajhar,408,353,47,8,1.36,17.02,0.3,1.96,0.38,2.22
assam,133066,103505,29162,396,chirang,280,219,59,2,1.36,3.39,0.3,0.71,0.38,0.9
assam,133066,103505,29162,396,dima hasao,237,199,38,0,1.36,0.0,0.3,0.0,0.38,0.0
assam,133066,103505,29162,396,majuli,165,80,84,1,1.36,1.19,0.3,0.61,0.38,1.23
assam,133066,103505,29162,396,charaideo,113,105,5,3,1.36,60.0,0.3,2.65,0.38,2.78
assam,133066,103505,29162,396,south salmara mankachar,51,47,4,0,1.36,0.0,0.3,0.0,0.38,0.0
assam,133066,103505,29162,396,west karbi anglong,39,37,1,1,1.36,100.0,0.3,2.56,0.38,2.63
assam,133066,103505,29162,396,airport quarantine,13,13,0,0,1.36,0.0,0.3,0.0,0.38,0.0
assam,133066,103505,29162,396,other state,1,1,0,0,1.36,0.0,0.3,0.0,0.38,0.0
gujarat,109627,90330,16132,3165,ahmedabad,33204,27288,4168,1748,19.62,41.94,2.89,5.26,3.39,6.02
gujarat,109627,90330,16132,3165,surat,23432,20175,2581,676,19.62,26.19,2.89,2.88,3.39,3.24
gujarat,109627,90330,16132,3165,vadodara,9439,7838,1458,143,19.62,9.81,2.89,1.51,3.39,1.79
gujarat,109627,90330,16132,3165,rajkot,6250,4175,1967,108,19.62,5.49,2.89,1.73,3.39,2.52
gujarat,109627,90330,16132,3165,jamnagar,3807,3447,331,29,19.62,8.76,2.89,0.76,3.39,0.83
gujarat,109627,90330,16132,3165,bhavnagar,3317,2862,408,47,19.62,11.52,2.89,1.42,3.39,1.62
gujarat,109627,90330,16132,3165,gandhinagar,2805,2305,439,61,19.62,13.9,2.89,2.17,3.39,2.58
gujarat,109627,90330,16132,3165,junagadh,2081,1770,282,29,19.62,10.28,2.89,1.39,3.39,1.61
gujarat,109627,90330,16132,3165,mehsana,1832,1235,568,29,19.62,5.11,2.89,1.58,3.39,2.29
gujarat,109627,90330,16132,3165,bharuch,1793,1482,299,12,19.62,4.01,2.89,0.67,3.39,0.8
gujarat,109627,90330,16132,3165,panchmahal,1766,1376,373,17,19.62,4.56,2.89,0.96,3.39,1.22
gujarat,109627,90330,16132,3165,amreli,1560,1166,371,23,19.62,6.2,2.89,1.47,3.39,1.93
gujarat,109627,90330,16132,3165,kutch,1532,1143,358,31,19.62,8.66,2.89,2.02,3.39,2.64
gujarat,109627,90330,16132,3165,surendranagar,1369,938,420,11,19.62,2.62,2.89,0.8,3.39,1.16
gujarat,109627,90330,16132,3165,dahod,1369,1044,319,6,19.62,1.88,2.89,0.44,3.39,0.57
gujarat,109627,90330,16132,3165,banaskantha,1330,1295,16,19,19.62,118.75,2.89,1.43,3.39,1.45
gujarat,109627,90330,16132,3165,patan,1240,1084,117,39,19.62,33.33,2.89,3.15,3.39,3.47
gujarat,109627,90330,16132,3165,morbi,1178,892,271,15,19.62,5.54,2.89,1.27,3.39,1.65
gujarat,109627,90330,16132,3165,gir somnath,1122,934,173,15,19.62,8.67,2.89,1.34,3.39,1.58
gujarat,109627,90330,16132,3165,kheda,1069,982,71,16,19.62,22.54,2.89,1.5,3.39,1.6
gujarat,109627,90330,16132,3165,valsad,1063,970,83,10,19.62,12.05,2.89,0.94,3.39,1.02
gujarat,109627,90330,16132,3165,navsari,1007,890,111,6,19.62,5.41,2.89,0.6,3.39,0.67
gujarat,109627,90330,16132,3165,anand,900,796,88,16,19.62,18.18,2.89,1.78,3.39,1.97
gujarat,109627,90330,16132,3165,sabarkantha,829,640,179,10,19.62,5.59,2.89,1.21,3.39,1.54
gujarat,109627,90330,16132,3165,narmada,740,637,103,0,19.62,0.0,2.89,0.0,3.39,0.0
gujarat,109627,90330,16132,3165,mahisagar,703,626,74,3,19.62,4.05,2.89,0.43,3.39,0.48
gujarat,109627,90330,16132,3165,botad,585,456,124,5,19.62,4.03,2.89,0.85,3.39,1.08
gujarat,109627,90330,16132,3165,aravalli,481,343,114,24,19.62,21.05,2.89,4.99,3.39,6.54
gujarat,109627,90330,16132,3165,tapi,426,402,20,4,19.62,20.0,2.89,0.94,3.39,0.99
gujarat,109627,90330,16132,3165,devbhumi dwarka,399,311,84,4,19.62,4.76,2.89,1.0,3.39,1.27
gujarat,109627,90330,16132,3165,chhota udaipur,398,311,85,2,19.62,2.35,2.89,0.5,3.39,0.64
gujarat,109627,90330,16132,3165,porbandar,362,338,20,4,19.62,20.0,2.89,1.1,3.39,1.17
gujarat,109627,90330,16132,3165,other state,162,127,32,3,19.62,9.38,2.89,1.85,3.39,2.31
gujarat,109627,90330,16132,3165,dang,77,52,25,0,19.62,0.0,2.89,0.0,3.39,0.0
kerala,95918,70917,24550,385,thiruvananthapuram,19260,14517,4590,129,1.57,2.81,0.4,0.67,0.54,0.88
kerala,95918,70917,24550,385,malappuram,11327,9103,2192,26,1.57,1.19,0.4,0.23,0.54,0.28
kerala,95918,70917,24550,385,ernakulam,8087,5464,2572,43,1.57,1.67,0.4,0.53,0.54,0.78
kerala,95918,70917,24550,385,kozhikode,7421,5551,1827,38,1.57,2.08,0.4,0.51,0.54,0.68
kerala,95918,70917,24550,385,alappuzha,7041,5286,1734,15,1.57,0.87,0.4,0.21,0.54,0.28
kerala,95918,70917,24550,385,kasaragod,6677,4515,2123,36,1.57,1.7,0.4,0.54,0.54,0.79
kerala,95918,70917,24550,385,thrissur,5935,4178,1734,19,1.57,1.1,0.4,0.32,0.54,0.45
kerala,95918,70917,24550,385,kollam,5903,4162,1712,26,1.57,1.52,0.4,0.44,0.54,0.62
kerala,95918,70917,24550,385,palakkad,5588,4650,932,4,1.57,0.43,0.4,0.07,0.54,0.09
kerala,95918,70917,24550,385,kottayam,5394,3553,1838,3,1.57,0.16,0.4,0.06,0.54,0.08
kerala,95918,70917,24550,385,kannur,5093,3524,1532,35,1.57,2.28,0.4,0.69,0.54,0.98
kerala,95918,70917,24550,385,pathanamthitta,4368,3271,1092,3,1.57,0.27,0.4,0.07,0.54,0.09
kerala,95918,70917,24550,385,idukki,2014,1665,345,3,1.57,0.87,0.4,0.15,0.54,0.18
kerala,95918,70917,24550,385,wayanad,1810,1478,327,5,1.57,1.53,0.4,0.28,0.54,0.34
kerala,95918,70917,24550,385,other state,0,0,0,0,1.57,0.0,0.4,0.0,0.54,0.0
rajasthan,95736,79450,15108,1178,jodhpur,13929,12139,1676,114,7.8,6.8,1.23,0.82,1.46,0.93
rajasthan,95736,79450,15108,1178,jaipur,13672,8550,4830,292,7.8,6.05,1.23,2.14,1.46,3.3
rajasthan,95736,79450,15108,1178,alwar,8621,7961,630,30,7.8,4.76,1.23,0.35,1.46,0.38
rajasthan,95736,79450,15108,1178,kota,6890,4368,2437,85,7.8,3.49,1.23,1.23,1.46,1.91
rajasthan,95736,79450,15108,1178,bikaner,5014,4690,239,85,7.8,35.56,1.23,1.7,1.46,1.78
rajasthan,95736,79450,15108,1178,ajmer,4917,4490,348,79,7.8,22.7,1.23,1.61,1.46,1.73
rajasthan,95736,79450,15108,1178,pali,4422,4240,135,47,7.8,34.81,1.23,1.06,1.46,1.1
rajasthan,95736,79450,15108,1178,bharatpur,3851,3636,142,73,7.8,51.41,1.23,1.9,1.46,1.97
rajasthan,95736,79450,15108,1178,sikar,2907,2690,196,21,7.8,10.71,1.23,0.72,1.46,0.77
rajasthan,95736,79450,15108,1178,nagaur,2654,2390,220,44,7.8,20.0,1.23,1.66,1.46,1.81
rajasthan,95736,79450,15108,1178,udaipur,2629,2450,147,32,7.8,21.77,1.23,1.22,1.46,1.29
rajasthan,95736,79450,15108,1178,dholpur,2454,2210,222,22,7.8,9.91,1.23,0.9,1.46,0.99
rajasthan,95736,79450,15108,1178,bhilwara,2430,2060,354,16,7.8,4.52,1.23,0.66,1.46,0.77
rajasthan,95736,79450,15108,1178,barmer,2426,2290,113,23,7.8,20.35,1.23,0.95,1.46,0.99
rajasthan,95736,79450,15108,1178,jhalawar,2009,1630,373,6,7.8,1.61,1.23,0.3,1.46,0.37
rajasthan,95736,79450,15108,1178,sirohi,1442,1290,135,17,7.8,12.59,1.23,1.18,1.46,1.3
rajasthan,95736,79450,15108,1178,jalore,1421,1327,81,13,7.8,16.05,1.23,0.91,1.46,0.97
rajasthan,95736,79450,15108,1178,rajsamand,1363,1160,187,16,7.8,8.56,1.23,1.17,1.46,1.36
rajasthan,95736,79450,15108,1178,dungarpur,1210,1000,198,12,7.8,6.06,1.23,0.99,1.46,1.19
rajasthan,95736,79450,15108,1178,jhunjhunu,1161,1059,96,6,7.8,6.25,1.23,0.52,1.46,0.56
rajasthan,95736,79450,15108,1178,churu,1157,970,181,6,7.8,3.31,1.23,0.52,1.46,0.61
rajasthan,95736,79450,15108,1178,chittorgarh,1156,900,246,10,7.8,4.07,1.23,0.87,1.46,1.1
rajasthan,95736,79450,15108,1178,baran,918,610,296,12,7.8,4.05,1.23,1.31,1.46,1.93
rajasthan,95736,79450,15108,1178,bundi,858,470,384,4,7.8,1.04,1.23,0.47,1.46,0.84
rajasthan,95736,79450,15108,1178,ganganagar,800,650,141,9,7.8,6.38,1.23,1.12,1.46,1.37
rajasthan,95736,79450,15108,1178,tonk,784,660,111,13,7.8,11.71,1.23,1.66,1.46,1.93
rajasthan,95736,79450,15108,1178,banswara,779,590,183,6,7.8,3.28,1.23,0.77,1.46,1.01
rajasthan,95736,79450,15108,1178,karauli,666,550,109,7,7.8,6.42,1.23,1.05,1.46,1.26
rajasthan,95736,79450,15108,1178,dausa,661,567,85,9,7.8,10.59,1.23,1.36,1.46,1.56
rajasthan,95736,79450,15108,1178,sawai madhopur,641,471,154,16,7.8,10.39,1.23,2.5,1.46,3.29
rajasthan,95736,79450,15108,1178,pratapgarh,557,350,200,7,7.8,3.5,1.23,1.26,1.46,1.96
rajasthan,95736,79450,15108,1178,jaisalmer,510,366,139,5,7.8,3.6,1.23,0.98,1.46,1.35
rajasthan,95736,79450,15108,1178,hanumangarh,490,395,93,2,7.8,2.15,1.23,0.41,1.46,0.5
rajasthan,95736,79450,15108,1178,other state,189,123,27,39,7.8,144.44,1.23,20.63,1.46,24.07
rajasthan,95736,79450,15108,1178,bsf camp,85,85,0,0,7.8,0.0,1.23,0.0,1.46,0.0
rajasthan,95736,79450,15108,1178,evacuees,61,61,0,0,7.8,0.0,1.23,0.0,1.46,0.0
rajasthan,95736,79450,15108,1178,italians,2,2,0,0,7.8,0.0,1.23,0.0,1.46,0.0
haryana,85944,66705,18332,907,faridabad,15003,13207,1613,183,4.95,11.35,1.06,1.22,1.34,1.37
haryana,85944,66705,18332,907,gurugram,14309,12219,1950,140,4.95,7.18,1.06,0.98,1.34,1.13
haryana,85944,66705,18332,907,sonipat,5498,4664,793,41,4.95,5.17,1.06,0.75,1.34,0.87
haryana,85944,66705,18332,907,ambala,5276,4209,1016,51,4.95,5.02,1.06,0.97,1.34,1.2
haryana,85944,66705,18332,907,panipat,5255,3504,1693,58,4.95,3.43,1.06,1.1,1.34,1.63
haryana,85944,66705,18332,907,karnal,4738,2805,1877,56,4.95,2.98,1.06,1.18,1.34,1.96
haryana,85944,66705,18332,907,rewari,4294,3644,624,26,4.95,4.17,1.06,0.61,1.34,0.71
haryana,85944,66705,18332,907,rohtak,3798,2907,850,41,4.95,4.82,1.06,1.08,1.34,1.39
haryana,85944,66705,18332,907,panchkula,3632,2407,1187,38,4.95,3.2,1.06,1.05,1.34,1.55
haryana,85944,66705,18332,907,hisar,3315,2496,791,28,4.95,3.54,1.06,0.84,1.34,1.11
haryana,85944,66705,18332,907,kurukshetra,3124,1631,1434,59,4.95,4.11,1.06,1.89,1.34,3.49
haryana,85944,66705,18332,907,yamunanagar,2601,1938,627,36,4.95,5.74,1.06,1.38,1.34,1.82
haryana,85944,66705,18332,907,mahendragarh,2334,1821,510,3,4.95,0.59,1.06,0.13,1.34,0.16
haryana,85944,66705,18332,907,sirsa,2079,1369,682,28,4.95,4.11,1.06,1.35,1.34,2.0
haryana,85944,66705,18332,907,bhiwani,1848,1504,326,18,4.95,5.52,1.06,0.97,1.34,1.18
haryana,85944,66705,18332,907,palwal,1808,1625,170,13,4.95,7.65,1.06,0.72,1.34,0.79
haryana,85944,66705,18332,907,jhajjar,1726,1300,407,19,4.95,4.67,1.06,1.1,1.34,1.44
haryana,85944,66705,18332,907,kaithal,1620,1087,513,20,4.95,3.9,1.06,1.23,1.34,1.81
haryana,85944,66705,18332,907,fatehabad,1357,837,500,20,4.95,4.0,1.06,1.47,1.34,2.33
haryana,85944,66705,18332,907,jind,1079,550,517,12,4.95,2.32,1.06,1.11,1.34,2.14
haryana,85944,66705,18332,907,nuh,913,740,157,16,4.95,10.19,1.06,1.75,1.34,2.12
haryana,85944,66705,18332,907,charkhi dadri,337,241,95,1,4.95,1.05,1.06,0.3,1.34,0.41
haryana,85944,66705,18332,907,italians,0,0,0,0,4.95,0.0,1.06,0.0,1.34,0.0
haryana,85944,66705,18332,907,foreign evacuees,0,0,0,0,4.95,0.0,1.06,0.0,1.34,0.0
madhya pradesh,79192,59850,17702,1640,indore,15452,10719,4301,432,9.26,10.04,2.07,2.8,2.67,3.87
madhya pradesh,79192,59850,17702,1640,bhopal,12241,10154,1774,313,9.26,17.64,2.07,2.56,2.67,2.99
madhya pradesh,79192,59850,17702,1640,gwalior,6905,4950,1882,73,9.26,3.88,2.07,1.06,2.67,1.45
madhya pradesh,79192,59850,17702,1640,jabalpur,5516,4044,1369,103,9.26,7.52,2.07,1.87,2.67,2.48
madhya pradesh,79192,59850,17702,1640,morena,2206,2061,130,15,9.26,11.54,2.07,0.68,2.67,0.72
madhya pradesh,79192,59850,17702,1640,ujjain,2046,1600,364,82,9.26,22.53,2.07,4.01,2.67,4.88
madhya pradesh,79192,59850,17702,1640,khargone,2035,1568,435,32,9.26,7.36,2.07,1.57,2.67,2.0
madhya pradesh,79192,59850,17702,1640,neemuch,1411,1105,287,19,9.26,6.62,2.07,1.35,2.67,1.69
madhya pradesh,79192,59850,17702,1640,shivpuri,1391,921,459,11,9.26,2.4,2.07,0.79,2.67,1.18
madhya pradesh,79192,59850,17702,1640,ratlam,1336,946,364,26,9.26,7.14,2.07,1.95,2.67,2.67
madhya pradesh,79192,59850,17702,1640,sagar,1329,1051,211,67,9.26,31.75,2.07,5.04,2.67,5.99
madhya pradesh,79192,59850,17702,1640,barwani,1326,1121,189,16,9.26,8.47,2.07,1.21,2.67,1.41
madhya pradesh,79192,59850,17702,1640,dhar,1201,845,339,17,9.26,5.01,2.07,1.42,2.67,1.97
madhya pradesh,79192,59850,17702,1640,vidisha,1134,872,239,23,9.26,9.62,2.07,2.03,2.67,2.57
madhya pradesh,79192,59850,17702,1640,khandwa,1092,906,161,25,9.26,15.53,2.07,2.29,2.67,2.69
madhya pradesh,79192,59850,17702,1640,mandsaur,1041,815,212,14,9.26,6.6,2.07,1.34,2.67,1.69
madhya pradesh,79192,59850,17702,1640,rewa,988,672,301,15,9.26,4.98,2.07,1.52,2.67,2.18
madhya pradesh,79192,59850,17702,1640,rajgarh,970,772,183,15,9.26,8.2,2.07,1.55,2.67,1.91
madhya pradesh,79192,59850,17702,1640,betul,914,639,256,19,9.26,7.42,2.07,2.08,2.67,2.89
madhya pradesh,79192,59850,17702,1640,sehore,908,591,295,22,9.26,7.46,2.07,2.42,2.67,3.59
madhya pradesh,79192,59850,17702,1640,damoh,872,593,260,19,9.26,7.31,2.07,2.18,2.67,3.1
madhya pradesh,79192,59850,17702,1640,datia,872,707,155,10,9.26,6.45,2.07,1.15,2.67,1.39
madhya pradesh,79192,59850,17702,1640,dewas,856,697,142,17,9.26,11.97,2.07,1.99,2.67,2.38
madhya pradesh,79192,59850,17702,1640,raisen,847,637,193,17,9.26,8.81,2.07,2.01,2.67,2.6
madhya pradesh,79192,59850,17702,1640,jhabua,839,641,190,8,9.26,4.21,2.07,0.95,2.67,1.23
madhya pradesh,79192,59850,17702,1640,shahdol,769,564,198,7,9.26,3.54,2.07,0.91,2.67,1.23
madhya pradesh,79192,59850,17702,1640,alirajpur,766,553,205,8,9.26,3.9,2.07,1.04,2.67,1.43
madhya pradesh,79192,59850,17702,1640,chhatarpur,758,624,115,19,9.26,16.52,2.07,2.51,2.67,2.95
madhya pradesh,79192,59850,17702,1640,hoshangabad,746,504,219,23,9.26,10.5,2.07,3.08,2.67,4.36
madhya pradesh,79192,59850,17702,1640,satna,723,560,143,20,9.26,13.99,2.07,2.77,2.67,3.45
madhya pradesh,79192,59850,17702,1640,narsinghpur,685,450,230,5,9.26,2.17,2.07,0.73,2.67,1.1
madhya pradesh,79192,59850,17702,1640,bhind,677,616,56,5,9.26,8.93,2.07,0.74,2.67,0.81
madhya pradesh,79192,59850,17702,1640,sheopur,604,470,130,4,9.26,3.08,2.07,0.66,2.67,0.84
madhya pradesh,79192,59850,17702,1640,chhindwara,597,451,133,13,9.26,9.77,2.07,2.18,2.67,2.8
madhya pradesh,79192,59850,17702,1640,burhanpur,585,538,22,25,9.26,113.64,2.07,4.27,2.67,4.44
madhya pradesh,79192,59850,17702,1640,katni,563,476,76,11,9.26,14.47,2.07,1.95,2.67,2.26
madhya pradesh,79192,59850,17702,1640,shajapur,541,440,93,8,9.26,8.6,2.07,1.48,2.67,1.79
madhya pradesh,79192,59850,17702,1640,harda,535,433,91,11,9.26,12.09,2.07,2.06,2.67,2.48
madhya pradesh,79192,59850,17702,1640,tikamgarh,516,409,93,14,9.26,15.05,2.07,2.71,2.67,3.31
madhya pradesh,79192,59850,17702,1640,anuppur,510,434,71,5,9.26,7.04,2.07,0.98,2.67,1.14
madhya pradesh,79192,59850,17702,1640,balaghat,440,295,144,1,9.26,0.69,2.07,0.23,2.67,0.34
madhya pradesh,79192,59850,17702,1640,singrauli,437,322,107,8,9.26,7.48,2.07,1.83,2.67,2.42
madhya pradesh,79192,59850,17702,1640,guna,421,286,125,10,9.26,8.0,2.07,2.38,2.67,3.38
madhya pradesh,79192,59850,17702,1640,sidhi,416,264,150,2,9.26,1.33,2.07,0.48,2.67,0.75
madhya pradesh,79192,59850,17702,1640,seoni,341,243,92,6,9.26,6.52,2.07,1.76,2.67,2.41
madhya pradesh,79192,59850,17702,1640,mandla,336,166,166,4,9.26,2.41,2.07,1.19,2.67,2.35
madhya pradesh,79192,59850,17702,1640,panna,317,273,44,0,9.26,0.0,2.07,0.0,2.67,0.0
madhya pradesh,79192,59850,17702,1640,ashoknagar,293,195,86,12,9.26,13.95,2.07,4.1,2.67,5.8
madhya pradesh,79192,59850,17702,1640,agar malwa,257,209,42,6,9.26,14.29,2.07,2.33,2.67,2.79
madhya pradesh,79192,59850,17702,1640,niwari,230,180,49,1,9.26,2.04,2.07,0.43,2.67,0.55
madhya pradesh,79192,59850,17702,1640,dindori,212,142,70,0,9.26,0.0,2.07,0.0,2.67,0.0
madhya pradesh,79192,59850,17702,1640,umaria,189,126,61,2,9.26,3.28,2.07,1.06,2.67,1.56
madhya pradesh,79192,59850,17702,1640,other region,0,0,0,0,9.26,0.0,2.07,0.0,2.67,0.0
punjab,69684,50558,17065,2061,ludhiana,12752,10208,2009,535,12.08,26.63,2.96,4.2,3.92,4.98
punjab,69684,50558,17065,2061,jalandhar,8564,5279,3064,221,12.08,7.21,2.96,2.58,3.92,4.02
punjab,69684,50558,17065,2061,patiala,7585,6093,1274,218,12.08,17.11,2.96,2.87,3.92,3.45
punjab,69684,50558,17065,2061,amritsar,5530,4074,1244,212,12.08,17.04,2.96,3.83,3.92,4.95
punjab,69684,50558,17065,2061,s.a.s. nagar,5239,3867,1254,118,12.08,9.41,2.96,2.25,3.92,2.96
punjab,69684,50558,17065,2061,bathinda,3428,2303,1067,58,12.08,5.44,2.96,1.69,3.92,2.46
punjab,69684,50558,17065,2061,gurdaspur,3423,2289,1062,72,12.08,6.78,2.96,2.1,3.92,3.05
punjab,69684,50558,17065,2061,sangrur,2547,2124,320,103,12.08,32.19,2.96,4.04,3.92,4.63
punjab,69684,50558,17065,2061,hoshiarpur,2289,1551,668,70,12.08,10.48,2.96,3.06,3.92,4.32
punjab,69684,50558,17065,2061,ferozepur,2162,1716,394,52,12.08,13.2,2.96,2.41,3.92,2.94
punjab,69684,50558,17065,2061,pathankot,1780,1226,524,30,12.08,5.73,2.96,1.69,3.92,2.39
punjab,69684,50558,17065,2061,faridkot,1732,1069,635,28,12.08,4.41,2.96,1.62,3.92,2.55
punjab,69684,50558,17065,2061,moga,1718,1213,463,42,12.08,9.07,2.96,2.44,3.92,3.35
punjab,69684,50558,17065,2061,kapurthala,1689,1201,405,83,12.08,20.49,2.96,4.91,3.92,6.46
punjab,69684,50558,17065,2061,sri muktsar sahib,1409,884,509,16,12.08,3.14,2.96,1.14,3.92,1.78
punjab,69684,50558,17065,2061,barnala,1368,881,461,26,12.08,5.64,2.96,1.9,3.92,2.87
punjab,69684,50558,17065,2061,fatehgarh sahib,1280,1082,152,46,12.08,30.26,2.96,3.59,3.92,4.08
punjab,69684,50558,17065,2061,fazilka,1241,761,460,20,12.08,4.35,2.96,1.61,3.92,2.56
punjab,69684,50558,17065,2061,rupnagar,1140,836,273,31,12.08,11.36,2.96,2.72,3.92,3.58
punjab,69684,50558,17065,2061,tarn taran,1027,700,289,38,12.08,13.15,2.96,3.7,3.92,5.15
punjab,69684,50558,17065,2061,mansa,895,491,390,14,12.08,3.59,2.96,1.56,3.92,2.77
punjab,69684,50558,17065,2061,shahid bhagat singh nagar,886,710,148,28,12.08,18.92,2.96,3.16,3.92,3.79
jharkhand,56897,40659,15726,512,ranchi,11983,8357,3545,81,3.26,2.28,0.9,0.68,1.24,0.96
jharkhand,56897,40659,15726,512,east singhbhum,9804,6336,3236,232,3.26,7.17,0.9,2.37,1.24,3.53
jharkhand,56897,40659,15726,512,dhanbad,3659,2899,719,41,3.26,5.7,0.9,1.12,1.24,1.39
jharkhand,56897,40659,15726,512,bokaro,2703,1786,901,16,3.26,1.78,0.9,0.59,1.24,0.89
jharkhand,56897,40659,15726,512,ramgarh,2609,1606,990,13,3.26,1.31,0.9,0.5,1.24,0.8
jharkhand,56897,40659,15726,512,hazaribagh,2510,1603,887,20,3.26,2.25,0.9,0.8,1.24,1.23
jharkhand,56897,40659,15726,512,giridih,2472,2183,280,9,3.26,3.21,0.9,0.36,1.24,0.41
jharkhand,56897,40659,15726,512,west singhbhum,2173,1674,484,15,3.26,3.1,0.9,0.69,1.24,0.89
jharkhand,56897,40659,15726,512,koderma,2064,1302,745,17,3.26,2.28,0.9,0.82,1.24,1.29
jharkhand,56897,40659,15726,512,palamu,1955,1741,207,7,3.26,3.38,0.9,0.36,1.24,0.4
jharkhand,56897,40659,15726,512,saraikela-kharsawan,1879,979,894,6,3.26,0.67,0.9,0.32,1.24,0.61
jharkhand,56897,40659,15726,512,deoghar,1656,1388,255,13,3.26,5.1,0.9,0.79,1.24,0.93
jharkhand,56897,40659,15726,512,garhwa,1404,1237,160,7,3.26,4.38,0.9,0.5,1.24,0.56
jharkhand,56897,40659,15726,512,simdega,1266,954,308,4,3.26,1.3,0.9,0.32,1.24,0.42
jharkhand,56897,40659,15726,512,latehar,1132,801,330,1,3.26,0.3,0.9,0.09,1.24,0.12
jharkhand,56897,40659,15726,512,gumla,1097,740,355,2,3.26,0.56,0.9,0.18,1.24,0.27
jharkhand,56897,40659,15726,512,khunti,1025,696,326,3,3.26,0.92,0.9,0.29,1.24,0.43
jharkhand,56897,40659,15726,512,chatra,976,657,315,4,3.26,1.27,0.9,0.41,1.24,0.61
jharkhand,56897,40659,15726,512,sahibganj,974,770,195,9,3.26,4.62,0.9,0.92,1.24,1.16
jharkhand,56897,40659,15726,512,godda,948,855,89,4,3.26,4.49,0.9,0.42,1.24,0.47
jharkhand,56897,40659,15726,512,dumka,771,529,238,4,3.26,1.68,0.9,0.52,1.24,0.75
jharkhand,56897,40659,15726,512,lohardaga,747,617,127,3,3.26,2.36,0.9,0.4,1.24,0.48
jharkhand,56897,40659,15726,512,pakur,569,485,83,1,3.26,1.2,0.9,0.18,1.24,0.21
jharkhand,56897,40659,15726,512,jamtara,521,464,57,0,3.26,0.0,0.9,0.0,1.24,0.0
chhattisgarh,52932,23938,28517,477,raipur,18660,7224,11218,218,1.67,1.94,0.9,1.17,1.95,2.93
chhattisgarh,52932,23938,28517,477,durg,5316,1844,3424,48,1.67,1.4,0.9,0.9,1.95,2.54
chhattisgarh,52932,23938,28517,477,rajnandgaon,3996,1843,2122,31,1.67,1.46,0.9,0.78,1.95,1.65
chhattisgarh,52932,23938,28517,477,bilaspur,3588,1375,2162,51,1.67,2.36,0.9,1.42,1.95,3.58
chhattisgarh,52932,23938,28517,477,raigarh,2957,1419,1517,21,1.67,1.38,0.9,0.71,1.95,1.46
chhattisgarh,52932,23938,28517,477,janjgir champa,1891,965,916,10,1.67,1.09,0.9,0.53,1.95,1.03
chhattisgarh,52932,23938,28517,477,baloda bazar,1319,820,490,9,1.67,1.84,0.9,0.68,1.95,1.09
chhattisgarh,52932,23938,28517,477,korba,1192,756,432,4,1.67,0.93,0.9,0.34,1.95,0.53
chhattisgarh,52932,23938,28517,477,bastar,1183,580,598,5,1.67,0.84,0.9,0.42,1.95,0.85
chhattisgarh,52932,23938,28517,477,surguja,1088,587,495,6,1.67,1.21,0.9,0.55,1.95,1.01
chhattisgarh,52932,23938,28517,477,mahasamund,1047,431,601,15,1.67,2.5,0.9,1.43,1.95,3.36
chhattisgarh,52932,23938,28517,477,uttar bastar kanker,902,518,379,5,1.67,1.32,0.9,0.55,1.95,0.96
chhattisgarh,52932,23938,28517,477,balod,823,381,441,1,1.67,0.23,0.9,0.12,1.95,0.26
chhattisgarh,52932,23938,28517,477,sukma,744,487,255,2,1.67,0.78,0.9,0.27,1.95,0.41
chhattisgarh,52932,23938,28517,477,bijapur,743,467,270,6,1.67,2.22,0.9,0.81,1.95,1.27
chhattisgarh,52932,23938,28517,477,kabeerdham,724,301,419,4,1.67,0.95,0.9,0.55,1.95,1.31
chhattisgarh,52932,23938,28517,477,dhamtari,717,307,408,2,1.67,0.49,0.9,0.28,1.95,0.65
chhattisgarh,52932,23938,28517,477,narayanpur,677,531,146,0,1.67,0.0,0.9,0.0,1.95,0.0
chhattisgarh,52932,23938,28517,477,koriya,656,334,315,7,1.67,2.22,0.9,1.07,1.95,2.05
chhattisgarh,52932,23938,28517,477,jashpur,634,438,194,2,1.67,1.03,0.9,0.32,1.95,0.45
chhattisgarh,52932,23938,28517,477,surajpur,630,307,319,4,1.67,1.25,0.9,0.63,1.95,1.29
chhattisgarh,52932,23938,28517,477,dakshin bastar dantewada,595,274,318,3,1.67,0.94,0.9,0.5,1.95,1.08
chhattisgarh,52932,23938,28517,477,bametara,565,410,150,5,1.67,3.33,0.9,0.88,1.95,1.2
chhattisgarh,52932,23938,28517,477,gariaband,561,376,180,5,1.67,2.78,0.9,0.89,1.95,1.31
chhattisgarh,52932,23938,28517,477,mungeli,527,303,224,0,1.67,0.0,0.9,0.0,1.95,0.0
chhattisgarh,52932,23938,28517,477,kondagaon,516,279,236,1,1.67,0.42,0.9,0.19,1.95,0.36
chhattisgarh,52932,23938,28517,477,balrampur,488,307,180,1,1.67,0.56,0.9,0.2,1.95,0.32
chhattisgarh,52932,23938,28517,477,other state,114,40,63,11,1.67,17.46,0.9,9.65,1.95,21.57
chhattisgarh,52932,23938,28517,477,gaurela pendra marwahi,79,34,45,0,1.67,0.0,0.9,0.0,1.95,0.0
jammu and kashmir,49134,34215,14074,845,srinagar,10980,9097,1637,246,6.0,15.03,1.72,2.24,2.41,2.63
jammu and kashmir,49134,34215,14074,845,jammu,7282,2424,4783,75,6.0,1.57,1.72,1.03,2.41,3.0
jammu and kashmir,49134,34215,14074,845,budgam,3278,2214,996,68,6.0,6.83,1.72,2.07,2.41,2.98
jammu and kashmir,49134,34215,14074,845,baramulla,3274,2410,754,110,6.0,14.59,1.72,3.36,2.41,4.37
jammu and kashmir,49134,34215,14074,845,pulwama,3035,2499,476,60,6.0,12.61,1.72,1.98,2.41,2.34
jammu and kashmir,49134,34215,14074,845,anantnag,2762,2032,677,53,6.0,7.83,1.72,1.92,2.41,2.54
jammu and kashmir,49134,34215,14074,845,kupwara,2609,1720,833,56,6.0,6.72,1.72,2.15,2.41,3.15
jammu and kashmir,49134,34215,14074,845,bandipora,2558,1858,673,27,6.0,4.01,1.72,1.06,2.41,1.43
jammu and kashmir,49134,34215,14074,845,kulgam,2041,1892,109,40,6.0,36.7,1.72,1.96,2.41,2.07
jammu and kashmir,49134,34215,14074,845,ganderbal,1933,1393,515,25,6.0,4.85,1.72,1.29,2.41,1.76
jammu and kashmir,49134,34215,14074,845,shopiyan,1797,1663,105,29,6.0,27.62,1.72,1.61,2.41,1.71
jammu and kashmir,49134,34215,14074,845,rajouri,1217,827,376,14,6.0,3.72,1.72,1.15,2.41,1.66
jammu and kashmir,49134,34215,14074,845,kathua,1205,835,359,11,6.0,3.06,1.72,0.91,2.41,1.3
jammu and kashmir,49134,34215,14074,845,udhampur,1194,762,428,4,6.0,0.93,1.72,0.34,2.41,0.52
jammu and kashmir,49134,34215,14074,845,samba,935,605,323,7,6.0,2.17,1.72,0.75,2.41,1.14
jammu and kashmir,49134,34215,14074,845,ramban,736,652,83,1,6.0,1.2,1.72,0.14,2.41,0.15
jammu and kashmir,49134,34215,14074,845,punch,679,388,285,6,6.0,2.11,1.72,0.88,2.41,1.52
jammu and kashmir,49134,34215,14074,845,doda,639,387,243,9,6.0,3.7,1.72,1.41,2.41,2.27
jammu and kashmir,49134,34215,14074,845,reasi,535,346,186,3,6.0,1.61,1.72,0.56,2.41,0.86
jammu and kashmir,49134,34215,14074,845,kishtwar,445,211,233,1,6.0,0.43,1.72,0.22,2.41,0.47
jammu and kashmir,49134,34215,14074,845,muzaffarabad,0,0,0,0,6.0,0.0,1.72,0.0,2.41,0.0
jammu and kashmir,49134,34215,14074,845,mirpur,0,0,0,0,6.0,0.0,1.72,0.0,2.41,0.0
uttarakhand,27211,18262,8500,372,dehradun,6116,3736,2169,181,4.38,8.34,1.37,2.96,2.0,4.62
uttarakhand,27211,18262,8500,372,haridwar,5832,4386,1372,58,4.38,4.23,1.37,0.99,2.0,1.31
uttarakhand,27211,18262,8500,372,udham singh nagar,4948,3587,1310,39,4.38,2.98,1.37,0.79,2.0,1.08
uttarakhand,27211,18262,8500,372,nainital,3577,2344,1160,71,4.38,6.12,1.37,1.98,2.0,2.94
uttarakhand,27211,18262,8500,372,tehri garhwal,1611,1118,491,2,4.38,0.41,1.37,0.12,2.0,0.18
uttarakhand,27211,18262,8500,372,uttarkashi,1186,853,329,3,4.38,0.91,1.37,0.25,2.0,0.35
uttarakhand,27211,18262,8500,372,pauri garhwal,937,442,474,10,4.38,2.11,1.37,1.07,2.0,2.21
uttarakhand,27211,18262,8500,372,almora,813,526,284,2,4.38,0.7,1.37,0.25,2.0,0.38
uttarakhand,27211,18262,8500,372,champawat,491,233,256,2,4.38,0.78,1.37,0.41,2.0,0.85
uttarakhand,27211,18262,8500,372,pithoragarh,487,273,212,2,4.38,0.94,1.37,0.41,2.0,0.73
uttarakhand,27211,18262,8500,372,chamoli,466,326,137,0,4.38,0.0,1.37,0.0,2.0,0.0
uttarakhand,27211,18262,8500,372,rudraprayag,416,213,201,1,4.38,0.5,1.37,0.24,2.0,0.47
uttarakhand,27211,18262,8500,372,bageshwar,331,225,105,1,4.38,0.95,1.37,0.3,2.0,0.44
goa,22890,17592,5030,268,unknown,16511,15031,1404,76,5.33,5.41,1.17,0.46,1.5,0.5
goa,22890,17592,5030,268,south goa,3511,1407,1978,126,5.33,6.37,1.17,3.59,1.5,8.22
goa,22890,17592,5030,268,north goa,2668,964,1639,65,5.33,3.97,1.17,2.44,1.5,6.32
goa,22890,17592,5030,268,other state,200,190,9,1,5.33,11.11,1.17,0.5,1.5,0.52
puducherry,18084,12967,4770,347,puducherry,15775,11215,4266,294,7.27,6.89,1.92,1.86,2.61,2.55
puducherry,18084,12967,4770,347,yanam,1150,836,281,33,7.27,11.74,1.92,2.87,2.61,3.8
puducherry,18084,12967,4770,347,karaikal,1064,863,181,20,7.27,11.05,1.92,1.88,2.61,2.27
puducherry,18084,12967,4770,347,mahe,95,53,42,0,7.27,0.0,1.92,0.0,2.61,0.0
tripura,17271,9993,7089,167,west tripura,6325,3143,3083,88,2.36,2.85,0.97,1.39,1.64,2.72
tripura,17271,9993,7089,167,sipahijala,2122,1586,520,16,2.36,3.08,0.97,0.75,1.64,1.0
tripura,17271,9993,7089,167,gomati,1949,1389,539,20,2.36,3.71,0.97,1.03,1.64,1.42
tripura,17271,9993,7089,167,dhalai,1799,963,828,7,2.36,0.85,0.97,0.39,1.64,0.72
tripura,17271,9993,7089,167,north tripura,1493,944,536,7,2.36,1.31,0.97,0.47,1.64,0.74
tripura,17271,9993,7089,167,khowai,1286,838,433,15,2.36,3.46,0.97,1.17,1.64,1.76
tripura,17271,9993,7089,167,south tripura,1281,665,604,9,2.36,1.49,0.97,0.7,1.64,1.34
tripura,17271,9993,7089,167,unokoti,1016,465,546,5,2.36,0.92,0.97,0.49,1.64,1.06
himachal pradesh,8147,5586,2486,62,solan,1839,1318,503,15,2.49,2.98,0.76,0.82,1.1,1.13
himachal pradesh,8147,5586,2486,62,kangra,1232,779,441,12,2.49,2.72,0.76,0.97,1.1,1.52
himachal pradesh,8147,5586,2486,62,sirmaur,1110,860,246,4,2.49,1.63,0.76,0.36,1.1,0.46
himachal pradesh,8147,5586,2486,62,hamirpur,708,516,187,5,2.49,2.67,0.76,0.71,1.1,0.96
himachal pradesh,8147,5586,2486,62,una,686,426,255,5,2.49,1.96,0.76,0.73,1.1,1.16
himachal pradesh,8147,5586,2486,62,chamba,599,403,189,5,2.49,2.65,0.76,0.83,1.1,1.23
himachal pradesh,8147,5586,2486,62,mandi,558,386,164,8,2.49,4.88,0.76,1.43,1.1,2.03
himachal pradesh,8147,5586,2486,62,shimla,481,282,186,8,2.49,4.3,0.76,1.66,1.1,2.76
himachal pradesh,8147,5586,2486,62,bilaspur,440,283,157,0,2.49,0.0,0.76,0.0,1.1,0.0
himachal pradesh,8147,5586,2486,62,kullu,371,256,115,0,2.49,0.0,0.76,0.0,1.1,0.0
himachal pradesh,8147,5586,2486,62,kinnaur,104,70,34,0,2.49,0.0,0.76,0.0,1.1,0.0
himachal pradesh,8147,5586,2486,62,lahaul and spiti,19,7,12,0,2.49,0.0,0.76,0.0,1.1,0.0
manipur,7362,5548,1774,40,imphal west,1791,52,1732,7,2.25,0.4,0.54,0.39,0.72,11.86
manipur,7362,5548,1774,40,capf personnel,1196,1063,132,1,2.25,0.76,0.54,0.08,0.72,0.09
manipur,7362,5548,1774,40,thoubal,740,23,705,12,2.25,1.7,0.54,1.62,0.72,34.29
manipur,7362,5548,1774,40,imphal east,718,16,693,9,2.25,1.3,0.54,1.25,0.72,36.0
manipur,7362,5548,1774,40,churachandpur,435,58,376,1,2.25,0.27,0.54,0.23,0.72,1.69
manipur,7362,5548,1774,40,kangpokpi,344,19,323,2,2.25,0.62,0.54,0.58,0.72,9.52
manipur,7362,5548,1774,40,ukhrul,304,18,286,0,2.25,0.0,0.54,0.0,0.72,0.0
manipur,7362,5548,1774,40,bishnupur,278,58,218,2,2.25,0.92,0.54,0.72,0.72,3.33
manipur,7362,5548,1774,40,senapati,272,21,251,0,2.25,0.0,0.54,0.0,0.72,0.0
manipur,7362,5548,1774,40,tamenglong,263,32,231,0,2.25,0.0,0.54,0.0,0.72,0.0
manipur,7362,5548,1774,40,kakching,217,27,190,0,2.25,0.0,0.54,0.0,0.72,0.0
manipur,7362,5548,1774,40,unknown,210,4092,-3884,2,2.25,-0.05,0.54,0.95,0.72,0.05
manipur,7362,5548,1774,40,kamjong,159,17,142,0,2.25,0.0,0.54,0.0,0.72,0.0
manipur,7362,5548,1774,40,jiribam,144,2,142,0,2.25,0.0,0.54,0.0,0.72,0.0
manipur,7362,5548,1774,40,chandel,111,4,103,4,2.25,3.88,0.54,3.6,0.72,50.0
manipur,7362,5548,1774,40,tengnoupal,78,13,65,0,2.25,0.0,0.54,0.0,0.72,0.0
manipur,7362,5548,1774,40,noney,69,18,51,0,2.25,0.0,0.54,0.0,0.72,0.0
manipur,7362,5548,1774,40,pherzawl,33,15,18,0,2.25,0.0,0.54,0.0,0.72,0.0
chandigarh,6987,4331,2573,80,chandigarh,6987,4331,2573,80,3.11,3.11,1.14,1.14,1.81,1.81
arunachal pradesh,5545,3906,1630,9,papum pare,1947,1424,520,3,0.55,0.58,0.16,0.15,0.23,0.21
arunachal pradesh,5545,3906,1630,9,changlang,558,459,99,0,0.55,0.0,0.16,0.0,0.23,0.0
arunachal pradesh,5545,3906,1630,9,west kameng,420,313,104,3,0.55,2.88,0.16,0.71,0.23,0.95
arunachal pradesh,5545,3906,1630,9,east siang,373,228,144,1,0.55,0.69,0.16,0.27,0.23,0.44
arunachal pradesh,5545,3906,1630,9,west siang,302,80,222,0,0.55,0.0,0.16,0.0,0.23,0.0
arunachal pradesh,5545,3906,1630,9,east kameng,239,208,31,0,0.55,0.0,0.16,0.0,0.23,0.0
arunachal pradesh,5545,3906,1630,9,tirap,217,130,87,0,0.55,0.0,0.16,0.0,0.23,0.0
arunachal pradesh,5545,3906,1630,9,tawang,210,140,69,1,0.55,1.45,0.16,0.48,0.23,0.71
arunachal pradesh,5545,3906,1630,9,namsai,209,190,18,1,0.55,5.56,0.16,0.48,0.23,0.52
arunachal pradesh,5545,3906,1630,9,lohit,178,137,41,0,0.55,0.0,0.16,0.0,0.23,0.0
arunachal pradesh,5545,3906,1630,9,upper subansiri,161,129,32,0,0.55,0.0,0.16,0.0,0.23,0.0
arunachal pradesh,5545,3906,1630,9,lower siang,137,122,15,0,0.55,0.0,0.16,0.0,0.23,0.0
arunachal pradesh,5545,3906,1630,9,lower dibang valley,106,46,60,0,0.55,0.0,0.16,0.0,0.23,0.0
arunachal pradesh,5545,3906,1630,9,upper siang,81,57,24,0,0.55,0.0,0.16,0.0,0.23,0.0
arunachal pradesh,5545,3906,1630,9,lower subansiri,80,51,29,0,0.55,0.0,0.16,0.0,0.23,0.0
arunachal pradesh,5545,3906,1630,9,anjaw,77,46,31,0,0.55,0.0,0.16,0.0,0.23,0.0
arunachal pradesh,5545,3906,1630,9,longding,71,23,48,0,0.55,0.0,0.16,0.0,0.23,0.0
arunachal pradesh,5545,3906,1630,9,lepa rada,69,31,38,0,0.55,0.0,0.16,0.0,0.23,0.0
arunachal pradesh,5545,3906,1630,9,siang,42,42,0,0,0.55,0.0,0.16,0.0,0.23,0.0
arunachal pradesh,5545,3906,1630,9,pakke kessang,28,26,2,0,0.55,0.0,0.16,0.0,0.23,0.0
arunachal pradesh,5545,3906,1630,9,shi yomi,21,12,9,0,0.55,0.0,0.16,0.0,0.23,0.0
arunachal pradesh,5545,3906,1630,9,kurung kumey,11,5,6,0,0.55,0.0,0.16,0.0,0.23,0.0
arunachal pradesh,5545,3906,1630,9,kra daadi,4,3,1,0,0.55,0.0,0.16,0.0,0.23,0.0
arunachal pradesh,5545,3906,1630,9,kamle,3,3,0,0,0.55,0.0,0.16,0.0,0.23,0.0
arunachal pradesh,5545,3906,1630,9,upper dibang valley,1,1,0,0,0.55,0.0,0.16,0.0,0.23,0.0
nagaland,4636,3776,839,8,dimapur,2200,1736,451,8,0.95,1.77,0.17,0.36,0.21,0.46
nagaland,4636,3776,839,8,kohima,1404,1090,310,0,0.95,0.0,0.17,0.0,0.21,0.0
nagaland,4636,3776,839,8,peren,347,347,0,0,0.95,0.0,0.17,0.0,0.21,0.0
nagaland,4636,3776,839,8,mon,323,293,27,0,0.95,0.0,0.17,0.0,0.21,0.0
nagaland,4636,3776,839,8,zunheboto,116,109,7,0,0.95,0.0,0.17,0.0,0.21,0.0
nagaland,4636,3776,839,8,tuensang,73,57,16,0,0.95,0.0,0.17,0.0,0.21,0.0
nagaland,4636,3776,839,8,others,46,46,0,0,0.95,0.0,0.17,0.0,0.21,0.0
nagaland,4636,3776,839,8,mokokchung,36,22,14,0,0.95,0.0,0.17,0.0,0.21,0.0
nagaland,4636,3776,839,8,phek,34,32,2,0,0.95,0.0,0.17,0.0,0.21,0.0
nagaland,4636,3776,839,8,wokha,34,33,1,0,0.95,0.0,0.17,0.0,0.21,0.0
nagaland,4636,3776,839,8,kiphire,16,5,11,0,0.95,0.0,0.17,0.0,0.21,0.0
nagaland,4636,3776,839,8,longleng,7,6,0,0,0.95,0.0,0.17,0.0,0.21,0.0
andaman and nicobar islands,3426,3078,297,51,unknown,3374,3045,278,51,17.17,18.35,1.49,1.51,1.63,1.65
andaman and nicobar islands,3426,3078,297,51,south andaman,51,32,19,0,17.17,0.0,1.49,0.0,1.63,0.0
andaman and nicobar islands,3426,3078,297,51,north and middle andaman,1,1,0,0,17.17,0.0,1.49,0.0,1.63,0.0
andaman and nicobar islands,3426,3078,297,51,nicobars,0,0,0,0,17.17,0.0,1.49,0.0,1.63,0.0
meghalaya,3197,1823,1355,19,east khasi hills,1986,1112,860,14,1.4,1.63,0.59,0.7,1.03,1.24
meghalaya,3197,1823,1355,19,west garo hills,512,318,193,1,1.4,0.52,0.59,0.2,1.03,0.31
meghalaya,3197,1823,1355,19,ribhoi,291,171,117,3,1.4,2.56,0.59,1.03,1.03,1.72
meghalaya,3197,1823,1355,19,east jaintia hills,120,35,85,0,1.4,0.0,0.59,0.0,1.03,0.0
meghalaya,3197,1823,1355,19,east garo hills,103,80,23,0,1.4,0.0,0.59,0.0,1.03,0.0
meghalaya,3197,1823,1355,19,west khasi hills,61,29,31,1,1.4,3.23,0.59,1.64,1.03,3.33
meghalaya,3197,1823,1355,19,west jaintia hills,38,27,11,0,1.4,0.0,0.59,0.0,1.03,0.0
meghalaya,3197,1823,1355,19,south garo hills,37,17,20,0,1.4,0.0,0.59,0.0,1.03,0.0
meghalaya,3197,1823,1355,19,north garo hills,28,19,9,0,1.4,0.0,0.59,0.0,1.03,0.0
meghalaya,3197,1823,1355,19,south west garo hills,19,14,5,0,1.4,0.0,0.59,0.0,1.03,0.0
meghalaya,3197,1823,1355,19,south west khasi hills,2,1,1,0,1.4,0.0,0.59,0.0,1.03,0.0
ladakh,3142,2329,778,35,leh,1746,1282,451,13,4.5,2.88,1.11,0.74,1.48,1.0
ladakh,3142,2329,778,35,kargil,1396,1047,327,22,4.5,6.73,1.11,1.58,1.48,2.06
dadra and nagar haveli and daman and diu,2658,2352,279,2,dadra and nagar haveli,1277,1118,153,1,0.72,0.65,0.08,0.08,0.08,0.09
dadra and nagar haveli and daman and diu,2658,2352,279,2,daman,1121,1011,100,1,0.72,1.0,0.08,0.09,0.08,0.1
dadra and nagar haveli and daman and diu,2658,2352,279,2,diu,260,223,26,0,0.72,0.0,0.08,0.0,0.08,0.0
dadra and nagar haveli and daman and diu,2658,2352,279,2,other state,0,0,0,0,0.72,0.0,0.08,0.0,0.08,0.0
sikkim,1989,1429,553,7,east sikkim,1426,1106,317,3,1.27,0.95,0.35,0.21,0.49,0.27
sikkim,1989,1429,553,7,south sikkim,475,73,402,0,1.27,0.0,0.35,0.0,0.49,0.0
sikkim,1989,1429,553,7,west sikkim,87,15,72,0,1.27,0.0,0.35,0.0,0.49,0.0
sikkim,1989,1429,553,7,north sikkim,1,1,0,0,1.27,0.0,0.35,0.0,0.49,0.0
sikkim,1989,1429,553,7,unknown,0,234,-238,4,1.27,-1.68,0.35,0.0,0.49,1.68
mizoram,1333,750,583,0,aizawl,871,426,445,0,0.0,0.0,0.0,0.0,0.0,0.0
mizoram,1333,750,583,0,kolasib,200,100,100,0,0.0,0.0,0.0,0.0,0.0,0.0
mizoram,1333,750,583,0,lunglei,123,114,9,0,0.0,0.0,0.0,0.0,0.0,0.0
mizoram,1333,750,583,0,mamit,33,21,12,0,0.0,0.0,0.0,0.0,0.0,0.0
mizoram,1333,750,583,0,lawngtlai,31,29,2,0,0.0,0.0,0.0,0.0,0.0,0.0
mizoram,1333,750,583,0,saiha,30,26,4,0,0.0,0.0,0.0,0.0,0.0,0.0
mizoram,1333,750,583,0,serchhip,19,12,7,0,0.0,0.0,0.0,0.0,0.0,0.0
mizoram,1333,750,583,0,champhai,17,15,2,0,0.0,0.0,0.0,0.0,0.0,0.0
mizoram,1333,750,583,0,saitual,4,4,0,0,0.0,0.0,0.0,0.0,0.0,0.0
mizoram,1333,750,583,0,khawzawl,3,3,0,0,0.0,0.0,0.0,0.0,0.0,0.0
mizoram,1333,750,583,0,hnahthial,2,0,2,0,0.0,0.0,0.0,0.0,0.0,0.0
